Año;Día;Ene;Feb;Mar;Abr;May;Jun;Jul;Ago;Set;Oct;Nov;Dic
1980;1;0;0;0;0.3;0;0;0;0;0;0;0;0
1980;2;0;0;0;0;0;0;0;0;0;0;0;0
1980;3;0;2;0;4.6;0;0;0;0;0;0;0;0
1980;4;0;0.4;0;30.3;0;0;0;0;0;0;0;0
1980;5;0;0;0;0;0;0;0;0;0;0;0;0
1980;6;0;0;0;0;0;0;0;0;0;0;0;0
1980;7;0;0;0;0;0.3;0;0;0;0;0;0;0
1980;8;0;0;0;0;0;0;0;0;0;0;0;0
1980;9;0;0;0;0;0;0;0;0;0;0;0;0
1980;10;0;0;0;0;0;0;0;0;0;0;0;0
1980;11;0;0;0;0;0;0;0;0;0;0;0;0
1980;12;0;0;0;0;0;0;0;0;0;0;0;2.9
1980;13;0;0;0;0;0;0;0;0;0;0;0;0
1980;14;0;0;0;0;0;0;0;0;0;0;0;0
1980;15;0;0;0;0;0;0;0;0;0;0;0;0
1980;16;0;0;0;0;0;0;0;0;0;0;0;0
1980;17;0;0.1;0;0;0;0;0;0;0;0;0;0
1980;18;0;0;3.8;0;0;0;0;0;0;0;0;0
1980;19;0;0;0;0;0;0;0;0;0;0;0;0
1980;20;0.2;0;0.4;0;0;0;0;0;0;0.4;0;0
1980;21;0;0;0;0;0;0;0;0;0;0;0;0
1980;22;0;0;0.3;0;0;0;0;0;0;0;0;0
1980;23;0;0;2.6;0;0;0;0;0;0;0;0;0
1980;24;0;0;0;0;0;0;0;0;0;0;0;0
1980;25;0;0;0;0;0;0;0;0;0;0;0;0
1980;26;0;0;0;0;0;0;0;0;0;0;4.4;0
1980;27;0;0;0;0;0;0;0;0;0;0;0;0
1980;28;0;0;0;0;0;0;0;0;0;0;0;0
1980;29;0;0;0;0;0;0;0;0;0;0;1.2;0
1980;30;0;;0;0;0;0;0;0;0;0;0;0
1980;31;0;;6.6;;0;;0;0;;0;;0
1981;1;0;0;0;0;0;0;0;0;0;0;0;0
1981;2;0;0;0;0;0;0;0;0;0;0;0;0
1981;3;0;0;0;0;0;0;0.1;0;0;0;0;0
1981;4;0;0.3;0;0;0;0;0;0;0;0;0;0
1981;5;0;0;0;0;0;0;0;0;0;0;0;0
1981;6;0;0;18.4;0;0;0;0;0;0;0;0;0
1981;7;0.3;0;1.1;0;0;0;0;0;0;0;0;0
1981;8;0;0;0;0;0;0;0;0;0;0;0;0
1981;9;0;0;2.6;0;0;0;0;0;0;0;0;0
1981;10;0;0;0.9;0;0;0;0;0;0;0;0;0
1981;11;0;0;1.1;0;0;0;0;0;0;0;0;0
1981;12;0;0;1.6;0;0;0;0;0;0;0;0;0
1981;13;0;0;0;0;0;0;0;0;0;0;0;0
1981;14;0;0;0;0;0;0;0;0;0;0;0;0
1981;15;0;0;0;0;0;0;0;0;0;0;0;0
1981;16;0;0.2;0;0;0;0;0;0;0;0;0;1.4
1981;17;0;0;0;0;0;0;0;0;0;0;0;0
1981;18;0;0;0;0;0;0;0;0;0;0;0;0
1981;19;0;0;0;0;0;0;0;0;0;0;0;0
1981;20;0;0;0;0;0;0;0;0;0;0;0;0
1981;21;0;0.5;0;0;0;0;0;0;0;0;0;0
1981;22;0;0.6;0;0;0;0;0;0;0;0;0;0
1981;23;0;0.1;0;0;0;0;0;0;0;0;0;0
1981;24;0;0.1;0;0;0;0;0;0;0;2.2;0;0
1981;25;0;0;0;0;0;0;0;0;0;0;0;0
1981;26;0;0;0;0;0;0;0;0;0;0;0;0
1981;27;0;0;0;0;0;0;0;0;0;0;0;0
1981;28;0;0;0;0;0;0;0;0;0;0;0;0.1
1981;29;0;;0;0;0;0;0;0;0;0;0;0
1981;30;0;;0;0;0;0;0;0.6;0;0;0;0
1981;31;0;;0;;0;;0;0;;0;;0
1982;1;0;0;0;0;0;0;0;0;0;0;0;0
1982;2;0;0;0;0;0;0;0;0;0;0;0;0
1982;3;0;0;0;0;0;0;0;0;0;0;0;0
1982;4;0;0;0;0;0;0;0;0;0;0;0;0
1982;5;0;0;0;0;0;0;0;0;0;0;0;0.4
1982;6;0;0;0;0;0;0;0;0;0;0;0;0
1982;7;0;0;0;0;0;0;0;0;0;0;0;1.5
1982;8;0;0;0;2.2;0;0;0;0;0;0;0;3.4
1982;9;0;0;0;0.1;0;0;0;0;0;0;0;0
1982;10;0;0;0;0.7;1.2;0;0;0;0;0;0;0
1982;11;0;0;0;0.4;0;0;0;0;0;0;0;0
1982;12;0;0;0;0;0;0;0;0;0;0;0;0.9
1982;13;0;0;0;0;0;0;0;0;0;0;0;0.2
1982;14;0;0;0;0;0;0;0;0;0;0.5;0;0
1982;15;0;0;0;0;0;0;0;0;0;0;0;0
1982;16;0;0;0;0;0;0;0;0;0;0;6.7;0
1982;17;0;0;0;0;0;0;0;0;0;0;0;0
1982;18;0;0;0;0;0;0;0;0;0;0;0;0
1982;19;0;0;0;0;0;0;0;0;0;0;0;0
1982;20;0;0;0;0;0;0;0;0;0;0;0;0
1982;21;0;0;0;0;0;0;0;0;0;0;0;0
1982;22;0;0;0;0;0;0;0;0;0;0;0;0
1982;23;0;0;0;0.5;0;0;0;0;0.1;0;0;0
1982;24;0;0;0;0;0;0;0;0;0;0;0;0
1982;25;0;0;0;0;0.1;0;0;0;0;0;0;0
1982;26;0;0;0;0;0;0;0;0;0;1.2;0;0
1982;27;0;0;0;0;0;0;0.2;0;0;0;0;3.6
1982;28;0;0;0;0;0;0;0;0;0;0;0;0
1982;29;0;;0;0;0;0;0;0;0;0;0;0
1982;30;0;;0;0;0;0;0;0;0;0;0;0
1982;31;0;;0;;0;;0;0;;0;;0.1
1983;1;0;0;0;0;0.5;0.5;0;0;0;0;0;0
1983;2;0;0;0.3;31.2;0;0.7;0;0;0;0;0;0
1983;3;0;0;0;0;0.2;5.8;0;0;0;0;0;0
1983;4;33.3;3.4;0;71.2;5.5;40.9;0;0;0;0;0;0
1983;5;66.4;0;0;68.6;7.5;1.2;0;0;0;0;0;0
1983;6;35.6;2.6;0;38;4.8;5.5;0.5;0;0;0;0;0
1983;7;5;12;0;15;2.8;130.4;0;0;0;0;0;0
1983;8;0;0;0;0;1.7;0.8;0;0;0;0;0;0
1983;9;4.4;0;65;35;0.1;6.6;0;0;0;0;0;0
1983;10;0;0;13;8.4;0;0;0.2;0;0;0;0;0
1983;11;0;0;29.5;29.8;0;0;0;0;0;0;0;0
1983;12;6.3;0;0;0.1;31.5;0;0;0;0;0;0;0
1983;13;0;104.5;8.9;7.9;8.6;0;0;0;0;0;0;0
1983;14;0.3;12.6;98;6.1;91.8;0;0;0;0;0;0;0
1983;15;3.4;0;16.4;6;2.3;0;0;0;0;0;0;0
1983;16;0.1;0.1;9.5;151.4;22.4;0;0;0;0;0;0;0
1983;17;2.1;0;6.7;0;64.7;0;0;0;0;0;0;0
1983;18;2.1;22.4;16.5;61.1;16.2;0;0;0;0;0;0;0
1983;19;4.6;1.4;1.4;1.1;2.7;0;0;0;0;0;0;4.3
1983;20;1.1;0;0;13.7;38.6;0;0;0;0;0;0;3.6
1983;21;41.6;0;0;4.4;0;0;0;0;0;0;0;0
1983;22;0;0.7;86.8;13.1;0;0;0;0;0;0;0;0
1983;23;0.2;0;9.2;1.9;0;0;0;0;0;0;0;0
1983;24;2.9;0;31;29;58.9;0;0;0;0;0;0;0
1983;25;67.3;0;2.3;11.4;0.8;0;0;0;0;0;0.1;0
1983;26;37;0;0;94.5;1.5;0;0;0;0;0;0;0
1983;27;5;0;0.8;2.9;2;0;0;0;0;0;0;0
1983;28;0;2;21.8;6;0;0;0;0;0;0;0;0
1983;29;5.8;;0;0;2.3;0;0;0;0;0;0;0
1983;30;0;;9.9;24.7;11.6;0;0;0;0;0;0;0.1
1983;31;0;;0.1;;0.6;;0;0.5;;0;;0.1
1984;1;0;0;0;0;0;0;0;0;0;0;0;0
1984;2;0;0;0;0;0;0;0;0;0;0;0;0
1984;3;0;0;0;0;0;0;0;0;0;0;0;0
1984;4;0;0;0.1;0;0;0;0;0;0;0;0;0
1984;5;0;0;0.1;0;0;0;0;0;0;0;0;0
1984;6;0;0;2.6;0;0;0;0;0;0;0;0;0
1984;7;0;0;0.4;0;0;0;0.2;0;0;0;0;0
1984;8;0;0;1.9;0;0;0;0.9;0;0;0;0;0
1984;9;0;0;0;0.2;0;0;0;0;0;0;0;0
1984;10;0;0;0;0;0;0;0;0;0;0;0;0
1984;11;0;0;0;0;0;0;0;0;0;0;0;0
1984;12;0;0;0;0;0;0;0;0;0;0;0;0
1984;13;0;2.9;0;0;0;0;0;0;0;0;0;0
1984;14;0;0;0.4;0;0;0;0;0;0;0;0;0
1984;15;0;0;0;0;0;0;0;0;0;0.5;0;0
1984;16;0;0.3;0;0;0;0;0;0;0;0.3;0;0
1984;17;0;0;0;0;0;0;0;0;0;0;0;0
1984;18;0;0;0;0;0;0;0;0;0;0;0;0.1
1984;19;0;0;0;0;1.1;0;0;0;0;0;0;0
1984;20;0;0;0;0;0;0;0;0;0;0;0;0
1984;21;0;0;0;0;0.1;0;0;0;0;0;0;0
1984;22;0;0.7;0;0;0;0;0;0;0;0;0;0
1984;23;0;0;2.1;0.1;0;0;0;0;0;0;0;0
1984;24;0;0;0.1;0;0;0;0;0;0;0;0;0
1984;25;0.4;13;0;0;0;0;0;0;0;0;0;0
1984;26;0;1.7;0.2;0;0;0;0;0;0;0;0;0
1984;27;0;0;0;0;0;0;0;0;0;0;0;0
1984;28;0;3.1;0;0;0;0;0;0;0;0;0;0
1984;29;0;8;0.1;0;0;0;0;0;0;0;0;0
1984;30;0;;0;0;0;0;0;0;0;0;0;0
1984;31;0;;0;;1.6;;0;0;;0;;0
1985;1;0;0.2;0;0;0;0;0;0;0;0;0;0
1985;2;0;0;0;0;0;0;0;0;0;0;0;0
1985;3;0;0;0;0;0;0;0;0;0;0.3;0;0
1985;4;0;0;0.1;0;0;0;0;0;0;0;0;0
1985;5;2.8;0;15.9;0;0;0;0;0;0;0;0;0
1985;6;0;0;;0;0;0;0;0;0;0;0;0
1985;7;0;0;;0;0;0;0;0;0;0;0;0
1985;8;0;0;;0;0;0;0;0;0;0;0;0.3
1985;9;0;0;;0;0;0;0;0;0;0;0;0
1985;10;0;0;;0;1.3;0;0;0;0;0;0;0
1985;11;0;0;;0;0.7;0;0;0;0;0;0;0
1985;12;0;0;;0;0;0;0;0;0;0;0;0
1985;13;0;0;;0;0;0;0;0;0;0;0;0
1985;14;0;0;;0;0;0;0;0;0;0;0;0.4
1985;15;0;0;0;0;0;0;0;0;0;0;0;0.3
1985;16;0;0;0;0;0;0;0;0;0;0;0;0
1985;17;0;0;0;0;0;0;0;0;0;0;0;0
1985;18;0;0;0;0;0;0;0;0.3;0;0;0;0
1985;19;0;0;0;0;0;0;0;0;0;0;0;0
1985;20;0;0;0;0;0;0;0;0;0;0;0;0.1
1985;21;0;0;0;0;0;0;0;0;0;0;0;0
1985;22;0;0;0;0;0;0;0;0;0;0;0;0
1985;23;0;2.4;0;0;0;0;0;0;0;0;0;0
1985;24;0;0.4;0;0;0;0;0;0;0;0;0;0
1985;25;0;0;0;0;0;0;0;0;0;0;0;0
1985;26;0;0;0;0;0;0;0;0;0;0;0;0
1985;27;0;0;0;0;0;0;0;0;0;0;0;0
1985;28;0;0;0;0;0;0;0;0;0;0;0;0
1985;29;0;;0;0;0;0;0;0;0;0;0;0
1985;30;0;;0;0;0;0;0;0;0;0;0;0
1985;31;0;;0;;0;;0;0;;1;;0
1986;1;0;0.2;0;0;0;0;0;0;0;0;0;0
1986;2;0;0;0;0;0;0;0;0;0;0;0;0
1986;3;0;0;0;0;0;0;0;0;0;0;0;0
1986;4;0;0;0;0;0;0;0;0;0;0;0;0
1986;5;0;0;;1.4;0;0;0;0;0;0;0;0
1986;6;0;0;;0.1;0;0;0;0;0;0;0;0
1986;7;0;0;;0.3;0;0;0;0;0;0;0.3;0
1986;8;0;0;;0;0;0;0;0;0;0;0;0
1986;9;0;0;;0;0;0;0;0;0;0;0;0
1986;10;0;0;;0;0;0;0;0;0;0;0;0
1986;11;0.7;0;;0;0;0;0;0;0;0;0;0
1986;12;0;0;;0;0;0;0;0;0;0;0;0
1986;13;0.3;0.1;;0;0;0;0;0;0;0;0;0
1986;14;0.4;0;;0;0;0;0;0;0;0;0;0
1986;15;0;0;;0.2;0;0;0;0;0;0;0;0
1986;16;0;0;;0;0;0;0;0;0;0;0;0
1986;17;0;0;;0;0;0;0;0;0;0;6;0
1986;18;0;0;;4.4;0;0;0;0;0;0;2.1;0
1986;19;0;0;;0.6;0;0;0;0;0;0;0;0
1986;20;0;0;;0;0;0;0;0;0;0;0;0
1986;21;0;0;;0;0;0;0;0;0;0;0;0
1986;22;0;0.6;;0;0;0;0;0;0;0;0;0
1986;23;0;6.1;;0;0;0;0;0;0;0;0;0
1986;24;0;0.1;;0;0;0;0;0;0;0;0;0
1986;25;0;0;;0;0.8;0;0;0;0;0;0;0
1986;26;0.1;0;;0;0;0;0;0;0;0;0;0
1986;27;0;0;;0;0;0;0;0;0;0;0;0
1986;28;0;0;;0;0;0;0;0;0;0;0;0
1986;29;0;;;0;0;0;0;0;0;0;0;0
1986;30;0;;;0;0;0;0;0;0;0;0;0
1986;31;0;;0;;0;;0;0;;0;;0
1987;1;0;0;0;0;0;0;0;0;0;0;0;0
1987;2;0;0;0;0;0;0;0.3;0;0;5.1;0;0
1987;3;0;0;0;0;0;0;0;0;0;1.6;0;0
1987;4;0;0;0;0;0;0;0;0;0;0;0;0
1987;5;0;0.4;0.2;1.7;0;0;0;0;0;0;0;0
1987;6;0;0;0.2;0;0;0;0;0;0;0;0;0
1987;7;0;0;0;0;0;0;0;0;0;0;0;0
1987;8;0;0;0.5;0;0;0;0;0;0;0;0;0
1987;9;0;10.4;23.7;0;0;0;0;0;0;0;0;0
1987;10;0;0.2;0;0;0;0;0;0;0;0;0;0
1987;11;0;0;0;2.6;0;0;0;0;0;0;0;0
1987;12;0;0;0;0;0;0;0.1;0;0;0;0;0
1987;13;0;28.9;0;0;0;0;0;0;0;0;0.3;0
1987;14;0;6.8;0;5.2;0;0;0;0;0;0;0;0
1987;15;0;0;34.9;0.2;0;0;0;0;0;0;0.1;0
1987;16;0;0;25.6;0.4;0;0;0;0;0;0;0;0
1987;17;0;26.5;0.2;0;0;0;0;0;0;0;0;0
1987;18;0;0;0;0;0;0;0;0;0;0;0;0
1987;19;1;0;0;0;0;0;0;0;0;0;0;0
1987;20;7.6;0.7;0;0;0;0;0;0;0;0;0;0
1987;21;0;0;0;0;0;0;0;0;0;0;0;0
1987;22;11.1;3;0;1.4;0;0;0;0;0;0;0;0
1987;23;0.1;0.1;0;0;0;0;0;0;0;0;0;0
1987;24;0;0;11.6;0;0;0;0;0;0;0;0;0
1987;25;0;0;0;0;0;0;0;0;0;0;0;0
1987;26;2.4;1.1;1.7;0;0;0;0;0;0;0;0;0
1987;27;0;0;0;0;0;0;0;0;0;0;0;0
1987;28;0.6;0;0;0;0;0;0;0;0;0;0;0
1987;29;0;;0;1.6;0;0;0;0;0;0;0;0
1987;30;0;;0;3.3;0;0;0;0;0;0;0;0
1987;31;0;;0;;0;;0;0;;0;;0
1988;1;0;0;0;0;0;0;0;0;0;0;0.1;0
1988;2;0;0;0;0;0;0;0;0;0;0;0;0
1988;3;0;0;0;0;0;0;0;0;0;0;0;0
1988;4;0;0;0;0;0;0;0;0;0;0;0;0
1988;5;0;0;0;0;0;0;0;0;0;0;0;0
1988;6;0;0;0;0;0;0;0;0;0;0;0;0
1988;7;0;0;0;0;0;0;0;0;0;0;0;0
1988;8;0;0;0;0;0;0;0;0;0;0;0.1;0
1988;9;0;0;0;4.6;0;0;0;0;0;0;0;0
1988;10;1.4;0;0;1.3;0;0;0;0;0;0;0;0
1988;11;0;0;0;0;0;0;0;0;0;0;0;0
1988;12;0;0;0;0;0;0;0;0;0;0;0;0
1988;13;0;0;0;0;0;0;0;0;0;0;0;0
1988;14;2.5;0;0;0;0;0;0;0;0;0;0;0
1988;15;0;0;0;0;0;0;0;0;0;0;0;0
1988;16;0.2;0;0;0;0;0;0;;0;0;0;0
1988;17;3;0;0;0;0;0;0;;0;0;0;0
1988;18;0.1;0;0;0;0;0;0;;0;0;0;0
1988;19;0;0;0;0;0;0;0;;0;0;0;0
1988;20;0;0;0;0;0;0;0;;0;0;0;0
1988;21;0;0;0;0;0;0;0;;0;0;0;0
1988;22;0;0;0;0;0;0;0;0;0;0;0;0
1988;23;0;0.2;0;0;0;0;0;0;0;0;0;0
1988;24;0;0;0;0;0;0;0;0;0;0;0;0
1988;25;0;0.1;0;0;0;0;0;0;0;0;0;0
1988;26;0;0;0;0;0;0;0;0;0;0;0;0
1988;27;0;0;0;0;0;0;0;0;0;0;0;0
1988;28;0;0;0;0;0;0;0;0;0;0;0;0
1988;29;0;0;0;0;0;0;0;0;0;0;0;0
1988;30;0;;0;0;0;0;0;0;0;0;0;0
1988;31;0;;0;;0;;0;0;;0;;0
1989;1;0;4.3;0;;0;0;0;0;0;0;0;0
1989;2;0;0;0;;0;0;0;0;0;0;0;0
1989;3;0;0;1.1;;0;0;0;0;0;0;0;0
1989;4;1.9;0;0;;0;0;0;0;0;0;0;0
1989;5;0.2;0;0;;0;0;0;0;0;0;0;0
1989;6;1.1;0;0;;0.1;0;0;0;0;0;0;0
1989;7;0;0;0;;0.3;0;0;0;0;0;0;0
1989;8;0;0;0;;0;0;0;0;0;0;0;0
1989;9;0;0;0;;0;0;0;0;0;0;0;0
1989;10;0;0.5;0;;0;0;0;0;0;0;0;0
1989;11;0;0.3;0;;0;1.1;0;0;0;0;0;0
1989;12;0;0;0;;0;0;0;0;0;0;0;0
1989;13;0;0;0;;0;0;0;0;0;0;0;0
1989;14;0;0;0;;0;0;0;0;0;0;0;0
1989;15;0;1;0;;0;0;0;0;0;0;0;0
1989;16;0;3;0;;0;0;0;0;0;0;0;0
1989;17;0;0;0.2;;0;0;0;0;0;0;0;0
1989;18;0;0;0;;0;0;0;0;0;0;0;0
1989;19;0;10;0.3;;0;0;0;0;0;0;0;0
1989;20;0;0;2.5;;0;0;0;0;0;0;0;0
1989;21;0;0;0;;0;0;0;0;0;0;0;0
1989;22;0;8.8;0;;0;0;0;0;0;0;0;0
1989;23;0.1;4;0;;0;0;0;0;0;0;0;0
1989;24;0;10.1;1.5;;0;0;0;0;0;0;0;0
1989;25;0;0;3.5;;0;0;0;0;0;0.6;0;0
1989;26;2.2;0;0;;0;0;0;0;0;0;0;0
1989;27;0.6;0;0;;0;0;0;0;0;0;0;0
1989;28;0;0;0;;0;0;0;0;0;0;0;0
1989;29;0;;0;;0;0;0;0;0;0;0;0
1989;30;0.2;;0;;0;0;0;0;0;0;0;0
1989;31;2;;;;0;;0;0;;0;;0.9
1990;1;0;0;0;;0;0;0;0;0;0.4;;0.7
1990;2;0;0;0;;0;0;0;0;0;0;;0
1990;3;0;0;0;;0;0;0;0;0;0;;0
1990;4;0;0;0;;0;0;0;0;0;0;;0
1990;5;0;0;0;;0;0;0;0;0;0;;0
1990;6;0;0;0;;0;0;0;0;0;0;;0
1990;7;0;0;0;;0;0;0;0;0;0;;0
1990;8;0;0;0;;0;0;0;0;0;0;;0
1990;9;0;0;0;;0;0;0;0;0;0;;0
1990;10;0;0;0;0;0;0;0;0;0;0;;0
1990;11;0;0;0;0;0;0;0;0;0;0;;0
1990;12;0;0.5;0;0;0;0;0;0;0;0;;0
1990;13;0;0;0;0;0;0;0;0;0;0;;0
1990;14;0;0;0;0;0;0;0;0;0;0;;0
1990;15;0;0;0;0;0;0;0;0;0;0;;0
1990;16;0;0;0;0;0;0;0;0;0;0;;0
1990;17;0;0;0;0;0;0;0;0;0;0;;0
1990;18;0;0;0;0;0;0;0;0;0;0;;0
1990;19;0;0;0;0;0;0;0;0;0;0;;0
1990;20;0;0;0.2;0;0;0;0;0;0;0;;0
1990;21;0;0;0;0;0;0;0;0;0;0;;0
1990;22;0;0;0;0;0;0;0;0;0;0;;0
1990;23;0;0;2.4;0;0;0;0;0;0;0;;0
1990;24;0;0;0;0;0;0;0;0;0;0;;0
1990;25;0;0;0.4;0;0;0;0;0;0;0;;0
1990;26;0;0;0;0;0;0;0;0;0;0;;0
1990;27;0;0;0;0;0;0;0;0;0;0;;0
1990;28;0;0;0;0;0;0;0;0;0;0;;0
1990;29;0;;0;0;0;0;0;0;0;0;;0.5
1990;30;0;;0;0;1.4;0;0;0;0;0;;1.5
1990;31;0;;0.7;;0.5;;0;0;;;;0
1991;1;0;0.2;0;0;0;0;0;0;0;0;1.1;3.5
1991;2;0;0;0;0;0;0;0;0;0;0;0;0
1991;3;0;0;0;0;0;0;0;0;0;0;0;0
1991;4;0;0;0;0;0;0;0;0;0;0;0;0
1991;5;0;0;0;0;0;0;0;0;0;0;0;0
1991;6;0;0;0;0;0;0;0;0;0;0;0;0
1991;7;0;0;0;0;0;0;0;0;0;0;0;0
1991;8;0;0;0;;0;0;0;0;0;0;0;0
1991;9;0;0;0;;0;0;0;0;0;0;0;0
1991;10;0;0;0.1;;0;0;0;0;0;0;0;0
1991;11;0;0;0.1;;0;0;0;0;0;0;0;0
1991;12;0;0;0;;0;0;0;0;0;0;0;0
1991;13;0;0;0;;0;0;0;0;0;0;0;0
1991;14;0;0;1.1;;0;0;0;0;0;0;0;0
1991;15;0;0;0.3;;0;0;0;0;0;0;0;0
1991;16;0;0;0;;0;0;0;0;0;0;0;0
1991;17;0;0;0;;0;0;0;0;0;0;0;0
1991;18;0;0;0;;0;0;0;0;0;0;0;0
1991;19;0;0;0;;0;0;0;0;0;0;0.5;0
1991;20;0;0;0;;0;0;0;0;0;0;0;0
1991;21;0;0;0;;0;0;0;0;0;0;0;0
1991;22;0;0;0;;0;0;0;0;0;0;0;0
1991;23;0;0;0;;0;0;0;0;0;0;0;0
1991;24;0;0;0;;0;0;0;0;0;0;0;0
1991;25;0;0;0;;0;0;0;0;0;0;0;0
1991;26;0;0;0;;0;0;0;0;0;0;0;0.5
1991;27;0;0.1;0;0;0;0;0;0;0;0;0;0
1991;28;0;0.5;0;0;0;0;0;0;0;0;0;0
1991;29;0;;0;0.5;0;0;0;0;0;0;0;0
1991;30;0;;0;0;0;0;0;0;0;0;0;0
1991;31;0.2;;0;;0;;0;0;;0;;0
1992;1;0;0;0;0;1.4;0;0;0;0;0;0;0
1992;2;0;0;0.1;0;0;0;0;0;0;0;0;0
1992;3;0;0;0.6;0;0;0;0;0;0;0;0;0
1992;4;0;0;0;3.4;0;0;0;0;0;0;0;0
1992;5;0;0;0;1.7;0;0;0;0;0;0;0;0
1992;6;0;0;0;0;11;0;0;0;0;0;0;0
1992;7;0;0;2.3;0;0;0;0;0;0;0;0;0
1992;8;0;0;0.4;0;0;0;0;0;0;0;0;0
1992;9;0;3.6;0;0;0;0;0;0;0;0;0;0
1992;10;0;0;0;1.5;0;0;0;0;0;0;0;0
1992;11;0;0;0;6.3;0;0;0;0;0;0;0;0
1992;12;0;0;0;107.1;0;0;0;0;0;0;0;0
1992;13;0;0;80.2;0;0;0;0;0;0;0;0;0
1992;14;0;0;1.1;1.2;0;0;0;0;0;0;0;0
1992;15;0;0;26.2;0;0;0;0;0;0;0;0;0
1992;16;0;0.3;5;2.6;0;0;0;0;0;0;0;0
1992;17;0;0;0.2;1.8;0;0;0;0;0;0;0;0
1992;18;0;0;0;2.7;0;0;0;0;0;0;0;0
1992;19;0;0;0.2;0;0;0;0;0;0;0;0;0
1992;20;0;0;0;0;0;0;0;0;0;0;0;0
1992;21;0;0;0;0;0;0;0;0;0;0;0;0
1992;22;0;0;0;0;0;0;0;0;0;0;0;0
1992;23;0;0;0;0;0;0;0;0;0;0;0;0
1992;24;0;0;0;0;0;0;0;0;0;0;0;0
1992;25;0;0;0;0;0;0;0;0;0;0;0;0
1992;26;0;4.2;0;0;0;0;0;0;0;0;0;0
1992;27;0;0.7;8;0;0;0;0;0;0;0;0;0
1992;28;0;2.2;0;0;0;0;0;0;0;0;0;0
1992;29;0;0;0;0;0;0;0;0;0;0;0;0
1992;30;2.9;;62.8;0;0.1;0.4;0;0;0;0;0;0
1992;31;0;;0;;0;;0;0;;0;;0
1993;1;0;;;;;;;;;;;
1993;2;0;;;;;;;;;;;
1993;3;0;;;;;;;;;;;
1993;4;0;;;;;;;;;;;
1993;5;0;;;;;;;;;;;
1993;6;0;;;;;;;;;;;
1993;7;0;;;;;;;;;;;
1993;8;0;;;;;;;;;;;
1993;9;0;;;;;;;;;;;
1993;10;0;;;;;;;;;;;
1993;11;0;;;;;;;;;;;
1993;12;0;;;;;;;;;;;
1993;13;0;;;;;;;;;;;
1993;14;0;;;;;;;;;;;
1993;15;0;;;;;;;;;;;
1993;16;0;;;;;;;;;;;
1993;17;0;;;;;;;;;;;
1993;18;0;;;;;;;;;;;
1993;19;0;;;;;;;;;;;
1993;20;0;;;;;;;;;;;
1993;21;0;;;;;;;;;;;
1993;22;0;;;;;;;;;;;
1993;23;0;;;;;;;;;;;
1993;24;0;;;;;;;;;;;
1993;25;0;;;;;;;;;;;
1993;26;0;;;;;;;;;;;
1993;27;0;;;;;;;;;;;
1993;28;0;;;;;;;;;;;
1993;29;0;;;;;;;;;;;
1993;30;0;;;;;;;;;;;
1993;31;;;;;;;;;;;;0
1994;1;;;;;;;;;;;;
1994;2;;;;;;;;;;;;
1994;3;;;;;;;;;;;;
1994;4;;;;;;;;;;;;
1994;5;;;;;;;;;;;;
1994;6;;;;;;;;;;;;
1994;7;;;;;;;;;;;;
1994;8;;;;;;;;;;;;
1994;9;;;;;;;;;;;;
1994;10;;;;;;;;;;;;
1994;11;;;;;;;;;;;;
1994;12;;;;;;;;;;;;
1994;13;;;;;;;;;;;;
1994;14;;;;;;;;;;;;
1994;15;;;;;;;;;;;;
1994;16;;;;;;;;;;;;
1994;17;;;;;;;;;;;;
1994;18;;;;;;;;;;;;
1994;19;;;;;;;;;;;;
1994;20;;;;;;;;;;;;
1994;21;;;;;;;;;;;;
1994;22;;;;;;;;;;;;
1994;23;;;;;;;;;;;;
1994;24;;;;;;;;;;;;
1994;25;;;;;;;;;;;;
1994;26;;;;;;;;;;;;
1994;27;;;;;;;;;;;;
1994;28;;;;;;;;;;;;
1994;29;;;;;;;;;;;;
1994;30;;;;;;;;;;;;
1994;31;;;;;;;;;;;;
1995;1;0;0.1;0;0;0;0;0;0;0;0;0;0
1995;2;0;1.9;0;0;0;0;0;0;0;0;0;0
1995;3;0;0;0;0;0;0;0;0;0;0;0;0
1995;4;0;0;0;0;0;0;0;0;0;0;0;0
1995;5;0;0.8;0;0;0;0;0;0;0;0;0;0
1995;6;0;0;0;0.2;0;0;0;0;0;0;0;0
1995;7;0;0;0;0.9;0;0;0;0;0;0;0;0
1995;8;0;0;0;0;0;0;0;0;0;0;0;0
1995;9;0;0;0;0;0;0;0;0;0.3;0;0;0
1995;10;0;0;0;0;0;0;0;0;0;0;0;0
1995;11;0;0;0;0;0;0;0;0;0;0;0;0
1995;12;0;0;0;0;0;0;0;0;0.1;0;0;0
1995;13;0;0;0;0;0;0;0;0;0.7;0;0;0
1995;14;0;0;0;0;0;0;0;0;0;0;0;0
1995;15;0;0;0;0;0;0;0;0;0;0;0;0
1995;16;0;0;0;0;0;0;0.1;0;0;0;0;0
1995;17;0;0;0;0;0;0;0;0;0;0.3;0;0
1995;18;0;0;0;0;0;0;0;0;0;0;0;0
1995;19;0;0.3;0;0;0;0;0;0;0;0;0;0
1995;20;0;0;0;0;0;0;0;0;0;0;0.7;0
1995;21;0;0;0;0;0;0;0.2;0;0;0;0;0
1995;22;0;0;0;0;0;0;0;0;0;0;0;0
1995;23;0;0;0;0;0;0;0;0;0;0;0;0
1995;24;0;0;0;0;0;0;0;0;0;0;0;0
1995;25;0;0;0;0;0;0;0;0;0;0;0;0
1995;26;0;0;0;0;0;0;0;0;0;0;0;1
1995;27;1;0;0;0;0;0;0;0;0;0;0;0
1995;28;0;0;0;0;0;0;0;0;0;0;0;0
1995;29;0;;0;0;0;0;0;0;0;0;0;6.8
1995;30;0;;0;0;0;0;0;0;0;0;0;0
1995;31;4.7;;0;;0;;0;0;;0;;0
1996;1;0;0;0;0;0;0;0;0;0;0;0;0
1996;2;0;0;0;0;0;0;0;0;0;0;0;0
1996;3;0;0;0;0;0;0;0;0;0;0;0;0
1996;4;0;0;0;0;0;0;0;0;0;0;0;0
1996;5;0;0;0;0;0;0;0;0;0;0;0;0
1996;6;0;0;0;0;0;0;0;0;0;0;0;0
1996;7;0;0;0;0;0;0;0;0;0;0;0;0
1996;8;1.8;0;0;0.4;0;0;0;0;0;0;0;0
1996;9;0;0;0;0;0;0;0;0;0;0;0;0
1996;10;0;0;0;0;0;0;0;0;0;0;0;0
1996;11;0;0;0;0;0;0;0;0;0;0;0;0
1996;12;0;0;0;0;0;0;0;0;0;0;0;0
1996;13;0;0;0;0;0;0;0;0;0;0;0;0
1996;14;0;0;0;0;0;0;0;0;0;0;0;0
1996;15;0;0;0;0;0;0;0;0;0;0;0;0
1996;16;0;0;0;0;0;0;0;0;0;0;0;0
1996;17;0;0;0;0;0;0;0;0;0;0;0;0
1996;18;0;0;0;0;0;0;0;0;0;0;0;0
1996;19;0;0;0;0;0;0;0;0;0;0;0;0
1996;20;0;0;0;0;0;0;0;0;0;0;0;0
1996;21;0;0;0;0;0;0;0;0;0;0;0;0
1996;22;0;0;0;0;0;0;0;0;0;0;0;0
1996;23;0;0;0;0;0;0;0;0;0;0;0;0
1996;24;0;0;0;0;0;0;0;0;0;0;0;0
1996;25;0;0;0;0;0;0;0;0;0;0;0;0
1996;26;0;0;0;0;0;0;0;0;0;0;0;0
1996;27;0;0;0;0;0;0.3;0;0;0;0;0;0
1996;28;0;0;0;0;0;0.3;0;0;0;0;0;0
1996;29;0;0;0;0;0;0;0;0;0;0;0;0
1996;30;0;;0;0;0;0;0;0;0;0;0;0
1996;31;0;;0;;0;;0;0;;0;;0
1997;1;0;0;0;0;0;0;0;0;0;0;0;0
1997;2;0;0;0;0;0;0;0;0;0;0;0;0
1997;3;0;0;0;0;0;0;0;0;0;0;0;0
1997;4;0;0;0;0;0;0;0;0;0;0;0;0
1997;5;0;0;0;0;0;0;0;0;0;0;0;0
1997;6;0;0;0;0;0;0;0;0;0;0;0;0
1997;7;0;0;0;0;0;0;0;0;0;0;0;0
1997;8;0;0;0;0;0;0;0;0;0;0;0;12
1997;9;0;0;0;0;0;0;0;0;0;0;0;0
1997;10;0;0;0;0;0;0;0;0;0;0;0;0
1997;11;0;0;0;0;0;0;0;0;0;0;0;0.4
1997;12;0;0;0;0;0;0;0;0;0;0;0;0
1997;13;0;0;0;0;0;0;0;0;0;0;0;0
1997;14;0;0;0;3.2;0;0;0;0;0;0;0;0
1997;15;0;0;0;11.5;0;0;0;0;0;0;0;30.8
1997;16;0;0;0;2.6;0;0.3;0;0;0;0;0;12.3
1997;17;0;5.3;0.6;0;0;0;0;0;0;0;0;0
1997;18;0;17.3;0;0;0;0.3;0;0;0;0;0;0.8
1997;19;0;0;0;0;0;0.1;0;0;0;0;0;0
1997;20;0;0;0;0;0;0;0;0;0;0;0;0
1997;21;0;0;0;2.5;0;0;0;0;0;0;0;0
1997;22;0;0;0;0.4;0;0;0;0;0;0;0.3;0
1997;23;0;0;0;0;0;0;0;0;0;0;0;0
1997;24;0;1.3;0;0;0;0;0;0;0;0;2.1;0
1997;25;0;0;0;8.6;0;0;0;0;0;0;0;2
1997;26;0;0;0;0;0;0;0;0;0;0;0;9
1997;27;0;0;0;0;0;0;0;0;0;0;0;0
1997;28;0;0;0;7.8;0;0;0;0;0;0;0;0
1997;29;0;;0;0.2;0;0;0;0;0;0.2;0;49.5
1997;30;0;;0;0;0;0;0;0;0;0.4;0;47.9
1997;31;0;;0;;0;;0;0;;0;;0.3
1998;1;0;0;0.2;19.7;0;0;0;0;0;0;0;0
1998;2;0;6;112;0.1;0.3;0;0;0;0;0;0;0
1998;3;0;5.1;71.2;0;0.3;0;0;0;0;0;0;0
1998;4;0;31.1;0;0;4.4;0;0;0;0;0;0;0
1998;5;0;0;0.3;0;0;0;0;0;0;0;0;0
1998;6;41;0;23;3.1;0;0;0;0;0;0;0;0
1998;7;9.2;90;11.8;5.5;0;0;0;0;0;0;0;0
1998;8;0;11.1;6.2;0;0;0;0;0;0;0;0;0
1998;9;0;0.6;1.9;0;0;0;0;0;0;0;0;0
1998;10;0.9;0;36;0;0;0;0;0;0.2;0;0;0
1998;11;52.5;0.2;0;0.5;0;0;0;0;0;0;0;0
1998;12;75.8;0;3;0;0;0;0;0;0;0;0;0
1998;13;57.4;86.9;0;0;0;0;0;0;0;0;0.1;0
1998;14;0;17.6;6.2;53.4;0;0;0;0;0;0;0;0.2
1998;15;0;0;0.5;0;0;0;0;0;0;0;0;0
1998;16;0.6;2.6;11;0;0;0;0;0;0;0;0;0
1998;17;30;0;1.9;0;0;0;0;0;0;0;0;0
1998;18;33.1;67.5;1;0.7;0;0;0;0;0;0;0;0
1998;19;10.6;3.2;1;2.3;0;0;0;0;0;0;0;0
1998;20;4.5;27.6;29;0;0;0;0;0;0;0;0;0
1998;21;58;12.2;6;0;0;0;0;0;0;0;0;0
1998;22;75.5;23.2;75;0;0;0;0;0;0;0;0;0
1998;23;0;10.7;25.8;0;0;0;0;0;0;0;0;0
1998;24;173.6;21.5;0.9;2.9;0;0;0;0;0;2;0;0
1998;25;72.2;0.2;5.9;0;0;0;0;0;0;0;0;0
1998;26;40.5;0;0;0;0.6;0;0;0;0;0;0;0
1998;27;16.6;82.5;5.3;0.7;0;0;0;0;0;0;0;0
1998;28;13.4;0.2;42.2;0;0;0;0;0;0;0;0;0
1998;29;3.3;;1.1;4.7;0;0;0;0;0;0;0;0
1998;30;0;;4.7;1.5;0;0;0;0;0;0;0;0
1998;31;0;;2.7;;0;;0;0;;0;;0
1999;1;0;0;0;0;0.7;0;0;0;0;0;0;0
1999;2;0;0;0;0;0;0;0;0;0;0;0;0
1999;3;0;0;0;2.5;0.6;0;0;0;0;0;0;0
1999;4;0;0;0;0;0;0;0;0;0;0;0;0
1999;5;0;0;0;0;0.3;0;0;0;0;0;0;0
1999;6;0;0;0;0;0.6;0;0;0;0;0;0;0
1999;7;0;0;0;0;0;0;0;0;0;0;0;0
1999;8;0;0;0;3;0;0;0;0;0;0;0;0
1999;9;0;0;0;0.2;0;0;0;0;0;0;0;0
1999;10;0;0;0;6.8;0;0;0;0;0;0;0;0
1999;11;0;6.7;0;1.3;0.7;0;0;0;0;0;0;0
1999;12;0;0;0;0;0;0;0;0;0;0;0;0
1999;13;0;1;0.4;0;0;0;0;0;0;0;0;2.4
1999;14;0;1;0;0;0;0;0;0;0;0;0;0
1999;15;0;16;0.7;0;0.5;0;0;0;0;0;0;0
1999;16;0;7.6;0;0;0;0;0;0;0;0;0;0
1999;17;0;0.5;0;0;0;0;0;0;0;0;0;0
1999;18;0;0.5;0;0;0;0;0;0;0;0;0;0
1999;19;0;0;0;0;0;0;0;0;0;0;0;0
1999;20;0;0.2;0;0;0;1.3;0;0;0;0;0;0.3
1999;21;0;0.1;0;0;0;0;0;0;0;0;0;0.6
1999;22;0;0;0;0;0;0;0;0;0;0.2;0;0
1999;23;0;0;0;0;0;0;0;0;0;0;0;0
1999;24;0;0;0;0;0;0;0;0;0;0;0;0
1999;25;3;0;0;0;0;0;0;0;0;0;0;0
1999;26;2.8;0;0;0;0;0;0;0;0;0;0;0
1999;27;0;0;0;4.7;0;0;0;0;0;0;0;0
1999;28;0;0;0;0;0;0;0;0;0;0;0;0
1999;29;0;;0;0;0;0;0;0;0;0;0;0
1999;30;0;;0;0;0;0.1;0;0;0;0;0;0
1999;31;0;;0;;0;;0;0;;0;;0
2000;1;0;0;0;1;0;0;0;0;0;0;0;0
2000;2;0;0;0;0;0;0;0;0;0;0;0;0
2000;3;0;0;0;0;0;0;0;0;0;0;0;0
2000;4;0;2;0.3;6.3;0.2;0;0;0;0;0;0;0.5
2000;5;0;7.3;0;6.1;0;0;0;0;0;0;0;0
2000;6;0;0.4;0.1;0;0;0;0;0;0;0;0;0
2000;7;0;0;1.6;0;0;0;0;0;0;0;0;12.8
2000;8;0;0;1;0;0;0;0;0;0;0;0;6.6
2000;9;0;0;0;0;0.5;0;0;0;0;0;0;0
2000;10;0;0;0;3.8;2;0;0;0;0;0;0;0
2000;11;0;0;0;4.5;0;0;0;0;0;0;0;0
2000;12;0;0;0;0;0;0;0;0;0;0;0;0
2000;13;0;0;0;0;0;0;0;0;0;0;0;0
2000;14;0;0;0;0;0;0;0;0;0;0;0;0
2000;15;0;0;0;0;0;0;0;0;0;0;0;0
2000;16;0;0;0;0;0;0;0;0;0;0;0;0
2000;17;0;0;0;0;0;0.6;0;0;0;0;0;0
2000;18;0;0;0;0;0;0;0;0;0;0;0;0
2000;19;0;0;0;0;0;0;0;0;0;0;0;0
2000;20;0;0;0;0;0;0;0;0;0;0;0;0
2000;21;0;0;0;0;0;0;0;0;0;0;0;0
2000;22;0;0;0;0;0;0;0;0;0;0;0;0
2000;23;0;0;1.8;0;0;0;0;0;0;0;0;0
2000;24;0;0;0;2.8;0;0.2;0;0;0;0;0;0
2000;25;0;0.8;0;0;0;0;0;0;0;0;0;0
2000;26;2;0;0;0;0;0;0;0;0;0;0;0
2000;27;0.2;0;0;0;0;0;0;0;0;0;0;0
2000;28;0;0;0;0;0;0;0;0;0;0;0;0
2000;29;0;0;0;0;0;0;0;0;0;0;0;0
2000;30;0;;0;0;0;0;0;0;0;0;0;0
2000;31;0;;1.4;;0;;0;0;;0;;0
2001;1;0;0;0;12.6;0;0;0;0;0;0;0;0
2001;2;0;0;0;0.7;0;0;0;0;0;0;0;0
2001;3;0;0;36.7;0;0;0;0;0;0;0;0;0
2001;4;0;0;1;0;0;0;0;0;0;0;0;0
2001;5;0;0;0;0;0;0;0;0;0;0;0;0
2001;6;0;0;0;0;0;0;0;0;0;0;0;0.3
2001;7;0;0;0;5.3;0;0;0;0;0;0;0;0
2001;8;0;0;2.1;0;0;0;0;0;0;0;0;0
2001;9;0;0;0;0;0;0;0;0;0;0;0;0
2001;10;0;0;0;0;0;0;0;0;0;0;0;0
2001;11;0;0;0;0;0;0;0;0;0;0;0;0
2001;12;0;0;0;0;0;0;0;0;0;0;0;0
2001;13;0;0;0;0;0;0;0;0;0;0;0;0
2001;14;0;0;0;0;0;0;0;0;0;0;0;0
2001;15;0;0;3;0;0;0;0;0;0;0;0;0
2001;16;0;0;1.6;0;0;0;0;0;0;0;0;0
2001;17;1.2;0;1;0;0;0;0;0;0;0;0;0
2001;18;2.6;0;61.5;0;0;0;0;0;0;0;0;0
2001;19;0;0;12.3;0;0;0;0;0;0;0;0;0
2001;20;0;0;0.5;0;0;0;0;0;0;0;0;0
2001;21;6.2;0;0;0;0;0;0;0;0;0;0;0
2001;22;1.3;0;9.6;0;0;0;0;0;0;0.5;0;0
2001;23;0;3.9;16.4;0;0;0;0;0;0;0;0;1.7
2001;24;0;0;3;0;0;0;0;0;0;0;0;4.3
2001;25;0;0;7.8;0;0;0;0;0;0;0;0;0
2001;26;0;0;1;0;0;0;0;0;0;0;0;0
2001;27;0;2;1.3;0;0;0;0;0;0;0;0;0
2001;28;0;0;0;0;0;0;0;0;0;0.2;0;0
2001;29;0;;0.5;0;0;0;0;0;0;0;0;1
2001;30;0;;1.9;0;0;0;0;0;0;0;0;0
2001;31;0;;1.1;;0;;0;0;;0;;0
2002;1;0;0;0;11;0;0;0;0;0;0;0;0
2002;2;0;0;0;2.7;0;0;0;0;0;0;0;0
2002;3;0;0;0;0;0;0;0;0;0;0;0;0
2002;4;0;3.4;1;0;0;0;0;0;0;0;0;0
2002;5;0;0.6;0;0;0;0;0;0;0;0;0;0
2002;6;0;0;0.2;29.4;0;0;0;0;0;0;0;0
2002;7;0;0;0;91.5;0;0;0;0;0;0;0;0
2002;8;0;0;0;0;0;0;0;0;0;0;0;0
2002;9;0;0;0;2;0;0;0;0;0;0;0;0
2002;10;0;0;0;0;0;0;0;0;0;0;0;0
2002;11;0;0;0;0;0;0;0;0;0;0;0;0
2002;12;0;0;0;0;0;0;0;0;0;0;2.3;0
2002;13;0;0;0;0;0;0;0;0;0;0;0;0
2002;14;0;0;0;0;0;0;0;0;0;0;0;0
2002;15;0;0;0;0;0;0;0;0;0;0;0;0.4
2002;16;0;0;0;0;0;0;0;0;0;0;0;0
2002;17;0;0.1;0;0;0;0;0;0;0;0;0;0
2002;18;0;0;0;0;0;0;0;0;0;0;0;0
2002;19;0;0;12.5;0;0;0;0;0;0;0;0;0
2002;20;0;0;13.2;0.1;0;0;0;0;0;0;0;0
2002;21;0;0;1.6;0;0;0;0;0;0;0;0;0
2002;22;0;0;0;0;0;0;0;0;0;0;0;0
2002;23;0;0;9.5;0;0;0;0;0;0;0;0;0
2002;24;0;0;0;0;0;0;0;0;0;0;0;0
2002;25;0;0;0;0;0;0;0;0;0;0;0;0
2002;26;0;0;0;0;0;0;0;0;0;0;0;0
2002;27;0;0;8.5;0;0;0;0;0;0;0;0;0
2002;28;0;0;83.5;0;0;0;0;0;0;0;0;0
2002;29;0;;2;0;0;0;0;0;0;0;0;0
2002;30;0;;0;0;0;0;0;0;0;0;0;0
2002;31;0;;0;;0;;0;0;;0;;0
2003;1;0;16;0;0;0;0;0;0;0;0;0;0
2003;2;0;0;0;0;0;0;0;0;0;0;0;0
2003;3;0;0;0;0;0;0;0;0;0;0;0;0
2003;4;0;0;0;0;0;0;0;0;0;0;0;0
2003;5;0;0;0;0;0;0;0;0;0;0;0;0
2003;6;0;0.2;0;0;0;0;0;0;0;0;0;0
2003;7;0;0;0;0;0;0;0;0;0;0;0;0
2003;8;0;2.4;0;0;0;0;0;0;0;0;0;0
2003;9;0;0;0;0;0;0;0;0;0;0;0;0
2003;10;0;0;0;0;0;0;0;0;0.5;0;0;0
2003;11;0;0;0;0;0;0;0;0;0;0;0;0
2003;12;0;0;0;0;0;0;0;0;0;0;0;0
2003;13;0;0;0;0;0;0;0;0;0;0;0;0
2003;14;0;0;0;0;0;0;0;0;0;0;0;0
2003;15;0;0;0;0;0;0;0;0;0;0;0;0
2003;16;0;0;0;0;0;0;0;0;0;0;6.2;0
2003;17;0;0;0;0;0;0;0;0;0;0;0;0
2003;18;0;0;0;0;0;0;0;0;0;0;0;0
2003;19;4.1;0;0;0;0;0;0;0;0;0;0;0
2003;20;0;0;0;0;0;0.5;0;0;0;0;0;0
2003;21;0;0;0;0;0;0;0;0;0;0;0;0
2003;22;0;0;0;0;0;0;0;0;0;0;0;0
2003;23;0;0;0;0;0;0.8;0;0;0;0;0;0
2003;24;0;0;0;0;0;0;0;0;0;0;0;0
2003;25;0;0;0;0;0;0;0;0;0;0;0;1.3
2003;26;0;0;0;0;0;0;0;0;0;0;0;0.8
2003;27;0;0;0;0;0;0;0;0;0;0;0;0
2003;28;0;3.8;0;0;0;0;0;0;0;0;0;0
2003;29;0;;0;0;0;0;0;0;0;0;0;0
2003;30;0;;1.3;0;0;0;0;0;0;0;0;0
2003;31;0;;3.2;;0;;0;0;;0;;0
2004;1;0;0;0;0;0;0;0;0;0;0;0;0
2004;2;0;0;0;0;0;0;0;0;0;0;0.8;0
2004;3;0;0;0;0;0;0;0;0;0;0;0;0
2004;4;0;0;0;0;0;0;0;0;0;0;0;0
2004;5;0;0;0;0;0;0;0;0;0;0;0;0
2004;6;0;0;0;0;0;0;0;0;0;0;0;0
2004;7;2.8;0;0;0;0;0;0;0;0;0;0;0
2004;8;1.8;0.7;0;0;0;0;0;0;0;0;0;0
2004;9;0;0;0;0;0;0;0;0;0;0;0;0
2004;10;0;0;0;0;0;0;0;0;0;0;0;0
2004;11;0;0;0;0;0;0;0;0;0;0;0;0
2004;12;0;0;0;0;0;0;0;0;0;0;0;0
2004;13;0;0;0;0.6;0;0;0;0;0;0;0;0
2004;14;0;0;0;4.1;0;0;0;0;0;0;0;3.4
2004;15;0;0;0;0;0;0;0;0;0;0;0;3.3
2004;16;0;0;0;0;0;0;0;0;0;0;0;0
2004;17;0;0;0;0;0;0;0;0;0;0.1;0;0
2004;18;0;0;0;0;0.8;0;0;0;0;0;0;0
2004;19;0;0;0;0;0;0;0;0;0;0;0;0
2004;20;0;0;0;0;0;0;0;0;0;0.7;0;0
2004;21;0;0;0;0;0;0;0;0;0;0;0;0
2004;22;0;0;0;0;0;0;0;0;0;0;0;0
2004;23;0;0;0;0;0;0;0;0;0;0;0;0
2004;24;0;0;0;0;0;0;0;0;0;0;0;0
2004;25;0;0;0;0;0.3;0;0;0;0;0;0;0
2004;26;0;0;0;0;0;0;0;0;0;0;0;0
2004;27;0;0;0;0;0;0;0;0;0;0;0;0
2004;28;0;0;0;0;0;0;0;0;0;0;0;0
2004;29;0;0;0;0;0;0;0;0;0;0;0;0
2004;30;0;;0;0;0;0;0;0;0;0;0;0
2004;31;0;;0;;0;;0;0;;0;;0
2005;1;0;0;0;0;0;0;0;0;0;0;0;0
2005;2;0;0;0;0;0;0;0;0;0;0;0;0
2005;3;0;0;0;0;0;0;0;0;0;0;0;0
2005;4;1.3;0;0.1;0;0;0;0;0;0;0;0;0
2005;5;0;0;9.5;0;0;0;0;0;0;0;0;0
2005;6;0;0;6.3;0.5;0;0;0;0;0;0;0;0
2005;7;0.9;0;0.1;0;0;0;0;0;0;0;0;0
2005;8;0;0;0;0;0;0;0;0;0;0;0;0
2005;9;0;0.5;0;0;0;0;0;0;0;0;0;0
2005;10;0;0;0;0.1;0;0;0;0;0;2.5;0;0
2005;11;0;0;0;0;0;0;0;0;0;0;0;0
2005;12;0;0.2;0;0;0;0;0;0;0;0;0;0
2005;13;0;0;0;0;0;0;0;0;0;0;0;0
2005;14;0;0;0;0;0;0;0;0;0;0;0;0
2005;15;0;0;0;0;0;0;0;0;0;0;0;0
2005;16;0;0;0;0;0;0;0;0;0;0;0;0
2005;17;0;0;0;0;0;0;0;0;0;0;0;0
2005;18;0;0;0;0;0;0;0;0;0;0;0;0
2005;19;0;0;0;0;0;0;0;0;0;0;0;0
2005;20;0;0;0;0;0;0;0;0;0;0;0;0
2005;21;0;0;0;0;0;0;0;0;0;0;0;0
2005;22;0;0;0;0;0;0;0;0;0;0;0;0
2005;23;0;0;0;0;0;0;0;0;0;0;0;0
2005;24;0;0;0;0;0;0;0;0;0;0;0;0
2005;25;0;0;0;0;0;0;0;0;0;0;0;0
2005;26;0;0;0.6;0;0;0;0;0;0;0;0;0
2005;27;0;0;1.1;0;0;0;0;0;0;0;0;0
2005;28;0;0;0;0;0;0;0;0;0;0;0;0
2005;29;0;;0;0;0;0;0;0;0;0;0;0
2005;30;0;;0;0;0;0;0;0;0;0;0;0
2005;31;0;;0;;0;;0;0;;0;;0
2006;1;0;0;0;0;0;0;0;0;0;0;0;0
2006;2;0;0;0;0;0;0;0;0;0;0;0;0
2006;3;0;0.2;0;0;0;0;0;0;0;0;0;0
2006;4;0;12.7;0;0;0;0;0;0;0;0;0;0
2006;5;0;7.1;0;0;0;0;0;0;0;0;0;0
2006;6;0;0.7;0;0;0;0;0;0;0;0;0;0
2006;7;0;0;1.1;0;0;0.3;0;0;0;0;0;0
2006;8;0;0;13;0;0;0.3;0;0;0;0;0;0
2006;9;0;0.3;0;0;0;0;0;0;0;0;0;0
2006;10;0;0;0;0;0;0;0;0;0;0;0;0
2006;11;0;0;0;0;0;0;0;0;0;0;0;0
2006;12;0;0;0;0;0;0;0;0;0;0;0;0
2006;13;0;0.5;0;0;0;0;0;0;0;0;0;0
2006;14;0;0;0;0;0;0;0;0;0;0;0;0
2006;15;0;0;0;0;0;0;0;0;0;0;0;0
2006;16;0;0;0;0;0;0;0;0;0;0;0;0
2006;17;0;0;0;0;0;0;0;0;0;0;0;0
2006;18;0;0;0;0;0;0;0;0;0;0;0;0
2006;19;0;0;0;0;0;0;0;0;0;0;0;0
2006;20;0;0;0;0;0;0;0;0;0;0;0;0
2006;21;0;0;0;0;0;0;0;0;0;0;0;0.6
2006;22;0;0;0;0;0;0;0;0;0;0;0;0
2006;23;0;0;0;0;0;0;0;0;0;0;0;0
2006;24;0;0;4.3;0;0;0;0;0;0;0;0;0
2006;25;0;0;0.6;0;0;0;0;0;0;0;0;0
2006;26;0;0;0;0;0;0;0;0;0;0;0.3;0
2006;27;0;3.2;0;0;0;0;0;0;0;0;0;0
2006;28;0;2.2;0;0;0;0;0;0;0;0;0;0
2006;29;0;;0;0;0;0;0;0;0;0;0;0
2006;30;0;;11.7;0;0;0;0;0;;0;0;0
2006;31;0;;0;;0;;0;0;;0.3;;0
2007;1;0;0;0;0;0;0;0;0;0;0;0;0
2007;2;0;0;0;0;0;0;0;0;0;0;0;0
2007;3;0;0;0;0;0;0;0;0;0;0;0;0
2007;4;0;0;0;0;0;0;0;0;0;0;0;0
2007;5;0;0;0;0;0;0;0;0;0;0;0;0
2007;6;0;0;0;0;0;0;0;0;0;0;0.6;0
2007;7;0;0;0;0;0;0;0;0;0;0;0;0
2007;8;0;0;0;0.9;0;0;0;0;0;0;0;0
2007;9;0;0;0;2.6;0;0;0;0;0;0;0;0
2007;10;0;0;0.6;0;0;0;0;0;0;0;0;0
2007;11;0;0;0;0;0;0;0;0;0;0;0;0
2007;12;0;0;0;0;0;0;0;0;0;0;0;0
2007;13;0;0;2.7;0;0;0;0;0;0;0;0;0
2007;14;0;0;0;0;0;0;0;0;0;0;0;0
2007;15;0;0;0;0;0;0;0;0;0;0;0;0
2007;16;0;0;0;0;0;0;0;0;0;0;0;0
2007;17;0;0;0;0;0;0;0;0;0;0;0;0
2007;18;6.2;0;0.4;0;0;0;0;0;0;0;0;0
2007;19;0;0;0;0;0;0;0;0;0;0;0;0
2007;20;0;0;0;0;0;0;0;0;0;0;0;0
2007;21;0;0;0;0;0;0;0;0;0;0;0;0
2007;22;0;0;0;0;0;0;0;0;0;0;0;0
2007;23;0;0;0;0;0;0;0;0;0;0;0;0
2007;24;0.3;0;0;0;0;0;0;0;0;0;0;0
2007;25;0;0;0;0;0;0;0;0;0;0;0;0
2007;26;0;0;0;0;0;0;0;0;0;0;0;0
2007;27;0;0;0;0;0;0;0;0;0;0;0;0
2007;28;0;0;0;0;0;0;0;0;0;0;0;0
2007;29;0;;0;0;0;0;0;0;0;0;0;0
2007;30;0;;0;0;0;0;0;0;0;0;0;0
2007;31;0;;0;;0;;0;0;;0;;0
2008;1;0;0;0;2;0;0;0;0;0;0;0;0
2008;2;0.5;0;0;33;0;0;0;0;0;0;0;0
2008;3;0;0;0;0;0;0;0;0;0;0;0.2;0
2008;4;0;0;0;0;0;0;0;0;0;0;0;0
2008;5;0;0;0;0;0;0;0;0;0;0;0;0
2008;6;0;0;0;0;0;0;0;0;0;0;0;0
2008;7;0;0;0;0;0;0;0;0;0;0;0;0
2008;8;0;0;0;0;0;0;0.9;0;0;0;0;0
2008;9;0;0;0;0;0;0;0.5;0;0;0;0;0
2008;10;0;0;0;0;0;0;0;0;0;0;0;0
2008;11;0;0;0;0;0;0.2;0.9;0;0;0;0;0
2008;12;0;0;0;0;0;0.1;0;0;0;0;0;0
2008;13;0;0;0;0;0;0;0;0;0;0;0;0
2008;14;0;3.3;7.6;0;0;0;0;0;0;0;0;0
2008;15;0.5;3.7;0;0;0;0;0;0;0;0;0;0
2008;16;0;1.2;4;0;0;0;0;0;0;0;0;0
2008;17;0;4.2;3.5;0;0;0;0;0;0;0;0;0
2008;18;0;24.8;9;0;0;0;0;0;0;0;0;0
2008;19;0;29.5;6.4;0;0;0;0;0;0;0;0;0
2008;20;0;5;0;0;0;0;0;0;0;0;0;0
2008;21;0;0;5.9;0;1;0;0;0;0;0;0;0
2008;22;0;4.4;0;0;0;0;0;0;0;0;0;0
2008;23;0;0;1.2;0;0;0;0;0;0;0;0;0
2008;24;3.5;2;0;0;0;0;0;0;0;0;0;0
2008;25;0;13;16.5;0;0;0;0;0;0;0;0;0
2008;26;0;0;0;0;0;0;0;0;0;0;0;0
2008;27;1;0;0;0;0;0;0;0;0;0;0;0
2008;28;1.2;1.2;0;0.4;0;0;0;0;0;0.2;0;0
2008;29;0.5;0;0;0;0;0;0;0;0;0;0;0
2008;30;0;;0;0.5;0;0;0;0;0;0;0;0
2008;31;0;;0;;0;;0;0;;;;
2009;1;0;0;0;;3.6;0;0;0;;0;0;0
2009;2;0;0;0;;0;0;0;0;;0;0;0
2009;3;0;0;0;;0;0;0;0;;0;0;0
2009;4;0;0;0;;0;0;0;0;;0;0;0
2009;5;0;0.2;0.2;;0;0;0;0;;0;0;0
2009;6;0;0;0;;0;0;0;0;;0;0;0
2009;7;0;0;0;;0;0;0;0;;0;0;0
2009;8;0;0;0;;0;0;0.2;0;;0;0;0
2009;9;0.2;0.4;0;;0;0;0;0;;0;0;0
2009;10;0;0;0;;0;0;0;0;;0;0;0
2009;11;0;0;0.2;;0;0;0;0;;0;0;0
2009;12;0;9;0;;0;0;0;0;;0;0;0
2009;13;4.9;1.7;0;;0;0;0;0;;0;0;0
2009;14;0;0;0;;0;0;0;0;;0;0;0
2009;15;0;0;0;;0;0;0;0;;0;0;0
2009;16;0;0;0;;0;0;0;0;;0;0;1
2009;17;18.3;0;0;;0;0;0;0;;0;0;0
2009;18;0.7;0;0;;0;0;0;0;;0;0;0.6
2009;19;0;0;0;;0;0;0;0;;0;0;0
2009;20;0;0;0;;0;0;0;0;;0;0;0
2009;21;0;8;0;;0;0;0;0;;0;0;0
2009;22;0;2;12;;0;0;0;0;;0;0.4;0
2009;23;0;0.6;2;;0;0;0;0;;0;3.9;0
2009;24;0;0;1.8;;0;0;0;0;;0;0.7;0
2009;25;0;0;1.8;;0;0;0;0;;0;0;0
2009;26;0;0;0;;0;0.3;0;0;;0;0;0
2009;27;0;0;0;;0;0;0;0;;0;0;0
2009;28;5;0;0;;0;0;0;0;;0;0;0
2009;29;0.2;;0;;0;0;0;0;;0;0;0
2009;30;0.4;;0;;0;;0;0;;0;;0
2009;31;0;;;;0;;0;;;;;
2010;1;0;0;0;0;0;0;0;0;0;0;0;0
2010;2;0;0;0;0;0;0;0;0;0;0;0;0
2010;3;0;0;0;0;0;0;0;0;0;0;0;0
2010;4;0;0;0;1.4;0;0;0;0;0;0;0;0
2010;5;0;1.4;0;4.7;0;0;0;0;0;0;0;0
2010;6;0;35;0;0;0;0;0;0;0;0;0;0
2010;7;0;2.8;0;0;0;0;0;0;0;0;0;0
2010;8;0;0;0;0;0;0;0;0;0;0;0;0
2010;9;0;0.7;0;0;0;0;0;0;0;0;0;0
2010;10;1;20.5;0;0;0;0;0;0;0;0;0;0
2010;11;0;0;0;0;0;0;0;0;0;0;0;0
2010;12;0;0;1.9;0;0;0;0;0;0;0;0;0
2010;13;0;0;3.7;0;0;0;0;0;0;0;0;0
2010;14;0;0;0;0;0;0;0;0;0;0;0;0
2010;15;0;0.4;0.2;0;0;0;0;0;0;0;0;0
2010;16;0;3.4;0;0;0;0;0;0;0;0;0;0
2010;17;0;0;0;0;0;0;0;0;0;0;0;0
2010;18;0;0;0;0;0;0;0;0;0;0;0;0
2010;19;0;0;0.4;0;2;0;0;0;0;1.2;0;0
2010;20;0;0;0;0;2;0;0;0;0;0;0;0
2010;21;0;0;0;0;0;0;0;0;0;0;0;0
2010;22;0;0;2;0;0;0;0;0;0;0;0;0
2010;23;0;0;0;0;0;0;0;0;0;0;0;0
2010;24;0;0;0.1;0;0;0;0;0;0;0;0;0
2010;25;0;0;0;0;0;0;0;0;0;0;0;0
2010;26;0;0;0.1;0;0;0;0;0;0;0;0;0
2010;27;0;0;0;0;0;0;0;0;0;0;0;0
2010;28;0;0;0;0;0;0;0;0;0;0;0;0
2010;29;0;;0.8;1;0;0;0;0;0;0;0;0
2010;30;0;;4.7;0;0;0;0;0;0;0;0;0
2010;31;0;;11.5;;0;;0;;;0;;0
2011;1;0;0;0;0;0;0;0;0;0;0;0;0
2011;2;0;0;0;0;0;0;0;0;0;0;0;0
2011;3;0;0;0;0;0;0;0;0;0;0;0;0
2011;4;0;0;0;0;0;0;0;0;0;0;0;0
2011;5;0;0;0;0;0;0;0;0;0;0;0;0
2011;6;0;0;0;0;0;0;0;0;0;0;0;0
2011;7;0;1.8;0;0;0;0;0;0;0;0;0;0
2011;8;0;0;0;0.8;0;0;0;0;0;0;0;0
2011;9;0;0;0;9;0;0;0;0;0;0;0;0
2011;10;0;0;0;0.1;0;0;0;0;0;0;0;0.4
2011;11;0;0;0;0;0;0;0;0;0;0;0;0
2011;12;0;0;0;0;0.3;0;0;0;0;0;0;0
2011;13;0;0;0;0;3;0;0;0;0;0;0;0
2011;14;0;0;0;0;0;0;0;0;0;0;0;0
2011;15;0;0;0;0.2;0;0;0;0;0;0;0;0
2011;16;0;0;0;0;0;0;3.6;0;0;0;0;0
2011;17;1.4;0;0;0;0;0;0;0;0;0;0;0
2011;18;0;0;0;0.3;0;0;0;0;0;0;0;0
2011;19;0;0;0;0;0;0;0;0;0;0;0;0
2011;20;0;0;0;0;0;0;0;0;0;0;0;0
2011;21;0;0;0;0;0;0;0;0;0;0;0;0
2011;22;0;0;0;0;0;0;0;0;0;0;0;0
2011;23;0;0;0;0;0;0;0;0;0;0;0;0
2011;24;0;0;0;0;0;0;0;0;0;0;0;0.8
2011;25;0;0;0;0;0;0;0;0;0;0;0;0
2011;26;0;0;0;0;0;0;0;0;0;0;0;0
2011;27;0;0;0;0;0;0;0;0;0;0;0;0
2011;28;0;0;0;0;0;0;0;0;0;0;2.2;0
2011;29;0;;0;0;0;0;0;0;0;0;0;0
2011;30;0;;0;;0;;0;0;0;0;0;0.2
2011;31;0;;0;;0;;0;0;;0;;0
2012;1;0.2;0;1;0;0;0;0;0;0;0;0;0
2012;2;0;0.7;0;0;0;0;0;0;0;0;0;0
2012;3;0;0;0;0;0;0;0;0;0;0;0;0
2012;4;0;0.8;0;0;0;0;0;0;0;0;0;0
2012;5;0.4;0.3;0.2;4.4;0;0;0;0;0;0;0;0
2012;6;0;9.4;0;4.1;0;0;0;0;0;0;0;0
2012;7;3.1;8;0;1.6;0;0;0;0;0;0;0;0.2
2012;8;0;8;0;0;0;0;0;0;0;0;0;0
2012;9;0;25;0;0;0;0;0;0;0;0;0;0
2012;10;0;5.5;0;0;0;0;0;0;0;0;0;0
2012;11;0;0.2;0;0;0;0;0;0;0;0;0;0
2012;12;0;0;0;0;0;0;0;0;0;0;0;0
2012;13;0;0.2;0;0;0;0;0;0;0;0;0;0
2012;14;0.3;0.2;0;0;0;0;0;0;0;0;0;0
2012;15;0;0;0;0;0;0;0;0;0;0;0;0
2012;16;0;0;0.2;0;0;0;0;0;0;0.5;0;0
2012;17;0;2.6;0.4;0;0;0;0;0;0;0;0;0
2012;18;0;0;7.6;0.6;0;0;0;0;0;0;0;0
2012;19;0;0;11.6;0;0;0;0;0;0;0;0;0
2012;20;0;0;1.4;0;0;0;0;0;0;0;0;0
2012;21;0;4.2;0;0;0;0;0;0;0;0;0;0
2012;22;0;3.9;0;0;0;0;0;0;0;0;0;0
2012;23;0;0;1.8;0;0;0;0;0;0;0;0;0
2012;24;0;0;0;0;0;0;0;0;0;0;0.2;0
2012;25;0;0;0.3;0;0;0;0;0;0;0;0.5;0
2012;26;0;0;0;0;0;0;0;0;0;0;0;0
2012;27;0;0;1.7;0;0;0;0;0;0;0;0;0
2012;28;0;0;0;0;0;0;0;0;0;0;0;0
2012;29;0;0;0;0;0;0;0;0;0;0;0;0
2012;30;0;;0;0;0;0;0;0;0;0;0;0
2012;31;0;;;;0;;0;0;;0;;0
2013;1;0;0;6.1;0;0;0;0;0;0;0;0;0
2013;2;0;0;0;0;0;0;0;0;0;0;0;0
2013;3;0;2.8;22.6;0;0;0;0;0;0;0;0;0
2013;4;0;1.5;8.5;0;0;0;0;0;0;0;0;0
2013;5;0;0;0;0;1.4;0;0;0;0;0;0;0
2013;6;0;1.1;0;0;1.4;0;0;0;0;0;0;0
2013;7;0;0;0;0;0.1;0;0;0;0;0;0;0
2013;8;0;0;0;0;0;0;0;0;0;0;0;0
2013;9;0;0;0;0;0;0;0;0;0;0;0;0.2
2013;10;0;0;0;0;0;0;0;0;0;0;0;0
2013;11;0;0;0;0;0;0;0;0;0;0;0;0
2013;12;0;0;2;0;0;0;0;0;0;0.2;0;0
2013;13;0;0;3.3;0;0;0;0;0;0;0;0;0
2013;14;0;0;0;0;0;0;0;0;0;0;0;0
2013;15;0;0;0;0;0.1;0;0;0;0;1.3;0;0
2013;16;0;0;0;0;0;0;0;0;0;0;0;0
2013;17;0;0;0;0;0;0;0;0;0;0;0;0
2013;18;0;0;0;0;0;0;0;0;0;0;0;0
2013;19;0;0;0;0;0;0;0;0;0;0;0;0
2013;20;0;0;0;0;1;0;0;0;0;0;0;0
2013;21;0;0;0;0;0;0;0;0;0;0;0;0
2013;22;0;0;0;0;0;0;0;0;0;0;0;0
2013;23;0.8;0;0;0;0;0;0;0;0;0;0;0
2013;24;0;0;0;0;0;0;0;0;0;0;0;0
2013;25;0;0;0;0;0;0;0;0;0;0;0;0
2013;26;0;3.8;0;0;0;0;0;0;0;0;0;0
2013;27;0;0;0;0;0;0;0;0;0;0;0;0
2013;28;0;0;0;0;0;0;0;0;0;0;0;0
2013;29;0;;0;0;0;0;0;0;0;0;0;0
2013;30;0;;0;0;3.4;0;0;0;0;0;0;0
2013;31;0;;0;;0;;0;0;;0;;0
2014;1;0;0;0;;0;0;0;0;0;0;0;0
2014;2;0;0;0;;0;0;0;0;0;0;0;0
2014;3;0;0;0;;0;0;0;0;0;0;0;0
2014;4;0.3;0;0;;0;0;0;0;0;0;0;0
2014;5;0;0;0;;0;0;0;0;0;0;0;0
2014;6;0;0;0;;0;0;0;0;0;0;0;0
2014;7;0;0;0;;0;0;0;0;0;1;0;0
2014;8;0;0;0;;0;0;0;0;0;0;0;0
2014;9;0;0;0;;0;0.3;0;0;0;0.4;0;0
2014;10;0;0;0;;0;0;0;0;0;0.3;0;0
2014;11;0;0;0;;0;0;0;0;0;0;0;0
2014;12;0;0;0;;0;0;0;0;0;0;0;0
2014;13;0;0;0;;0;0;0;0;0;0;0;0
2014;14;0;0;0;;0;0;0;0;0;0;0;0
2014;15;0;0;0;;0;0;0;0;0;0;0;0
2014;16;0;0;0;;0;0;0;0;0;0;0;0
2014;17;0;0;0;;0;0;0;0;0;0;0;0
2014;18;0;0;0;;0;0;0;0;0;0;0;0
2014;19;0;0;0;;0;0;0;0;0;0;0;0
2014;20;0;0;0;;0;0;0;0;0;0;0;0
2014;21;0;0;0;;0;0;0;0;0;0;0;0
2014;22;0;0.1;0;;0;0;0;0;0;0;0;0
2014;23;0;2.3;0;;0;0;0;0;0;0;0;0
2014;24;0;7.5;0;;0;0;0;0;0;0.1;0;0
2014;25;0;0;0.8;;0;0;0;0;0;0;0;0
2014;26;0;0;6.5;;0;0;0;0;0;0;0;0
2014;27;0;0;0;;0;0;0;0;0;0;0;0
2014;28;0;0;0;;0;0;0;0;0;0;0;1.2
2014;29;0;;0;;0;0;0;0;0;0;0;0
2014;30;0;;0;;0;0;0;0;0;0;0;0.2
2014;31;0;;;;0;;0;0;;0;;0
2015;1;0;0;0;;0;0;0;0;0;0;0;0
2015;2;0;0;0;;2.5;0;0;0;0;0;0;0
2015;3;0;0;0;;1;0;0;0;0;0;0;0
2015;4;0;0;0;;0;0;0;0;0;0;0;0
2015;5;0;0;0;;0;0;0;0;0;0;0;0
2015;6;0;0;0;;0;0;0;0;0;0;0;0
2015;7;0;0;0;;0;0;0;0;0;0;0;0
2015;8;0;0;0;;0;0;0;0;0;0;0;0
2015;9;0;0;0;;0;0;0;0;0;0;0;0
2015;10;0;0;0;;0;0;0;0;0;0;0;0
2015;11;0;0;0;;0;0;0;0;0;0;0;0
2015;12;0;0;0;;0;0;0;0;0;0;0;0
2015;13;0;0;0;;0;0;0;0;0;0;0;0
2015;14;0;0;1.5;;0;0;0;0;0;0;0;0
2015;15;0;0.3;2.5;;0;0;0;0;0;0;0;0
2015;16;0;0;0;;0.5;0;0;0;0;0;0;0
2015;17;0;0;0;;0;0;0;0;0;0;0;0
2015;18;0;0;16.8;;0;0;0;0;0;0;0;0
2015;19;0;0;4.5;;0;0;0;0;0;0;0;0
2015;20;0;0;18;;0;0;0;0;0;0;0;0
2015;21;0;0;0;;0;0;0;0;0;0;0;0
2015;22;0;0;0;;0;0;0;0;0;0;0;0
2015;23;0;0;0;;0;0;0;0;0;0;0;0
2015;24;0;0;0;;0;0;0;0;0;0;0;0
2015;25;0;0;0;;0;0;0;0;0;0;0;0
2015;26;0;0;0;;0;0;0;0;0;0;0;0
2015;27;0;0;0;;0;0;0;0;0;0;0;0
2015;28;0.2;0;0;;0;0;0;0;0;0;0;0
2015;29;0;;0;;0;0;0;0;0;0;0;0
2015;30;0;;0;;0;0;0;0;0;0;0;0
2015;31;0;;0;;0;;0;0;;0;;
2016;1;0;0;0;0;0;;0;0;0;0;0;0
2016;2;0;0;5;0.5;0;;0;0;0;0;0;0
2016;3;0;0;5.5;1.7;0;;0;0;0;0;0;0
2016;4;0;0;62.3;0;0;;0;0;0;0;0;0
2016;5;0;0.8;0;0;0;;0;0;0;0;0;0
2016;6;0;0;9.3;0;0;;0;0;0;0;0;0
2016;7;0;0;0;0;0;;0;0;0;0;0;0
2016;8;0;1.2;0;0;0;;0;0;0;0;0;0
2016;9;0;0.2;0;0;0;;0;0;0;0;0;0
2016;10;0;0;0;0;0;;0;0;0;0;0;0
2016;11;0;0;0;0;0;;0;0;0;0;0;0
2016;12;0;0;0;0;0;;0;0;0;0;0;0
2016;13;0;0;0;;0;;0;0;0;0;0;0
2016;14;0;0;0;;0;;0;0;0;0;0;0
2016;15;0;0;0;;0;;0;0;0;0;0;0
2016;16;0;0;0;;0;;0;0;0;0;0;0
2016;17;0;0;0;;0;;0;0;0;0;0;0
2016;18;0;0;0;;0;;0;0;0;0;0;0
2016;19;0;0;0;;0;;0;0;0;0;0;0
2016;20;0;0;0;;0;;0;0;0;0;0;0
2016;21;0;12;0;;0;;0;0;0;0;0;0
2016;22;0;0.2;0;;0;;0;0;0;0;0;0
2016;23;0;0.2;0;;0;;0;0;0;0;0;0
2016;24;0;0;0;;0;;0;0;0;0;0;0
2016;25;0;18.5;0;;0;;0;0;0;0;0;0
2016;26;0;1;0;;0;;0;0;0;0;0;0
2016;27;0;17.5;0;;0;;0;0;0;0;0;0
2016;28;0;0.4;0;;0;;0;0;0;0;0;1.8
2016;29;0.5;0;0;;0;;0;0;0;0;0;0
2016;30;0.3;;0;;0;;0;0;0;0;0;0
2016;31;0;;0;;0;;0;0;;0;;
2017;1;0;8.7;1.3;0;0;;0;0;0;0;0;0
2017;2;0;25.3;0;0;0;;0;0;0;0;0;0
2017;3;0;3.5;14.4;4.2;0;;0;0;0;0;0;0
2017;4;0;3;4.7;0;0;;0;0;0;0;0;0
2017;5;0.3;0.8;21;0;0;;0;0;0;0;0;0
2017;6;0;0.8;15;0;0;;0;0;0;0;0;0
2017;7;0;0.7;37.5;0.5;0;;0;0;0;0;0;0
2017;8;0;0;16.8;0.2;1;;0;0;0;0;0;0
2017;9;0;0;0;1.2;3;;0;0;0;0;0;0
2017;10;0;3.5;4.8;0;0;;0;0;0;0;0;0
2017;11;0;0;26;0;0;;0;0;0;0;0;0
2017;12;0;0;66;0;0;;0;0;0;0;0;0
2017;13;0;0;16;0;0;;0;0;0;0;0;0
2017;14;0;0;1;0;0;;0;0;0;0;0;0
2017;15;0;0;25.2;0;0;;0;0;0;0;0;0
2017;16;0;8.3;1.6;0;0;;0;0;0;0;0;0
2017;17;0;9.3;13;0;0;;0;0;0;0;0;0
2017;18;0;0;14.4;0;0;;0;0;0;0;0;0
2017;19;0;0;8;1;0.5;;0.2;0;0;0;0;0
2017;20;0.4;2;11;0;0;;0;0;0;0;0;0
2017;21;12;2.6;81.5;0;0;;0;0;0;0;0;0
2017;22;0;0;1.5;0;0;;0;0;0;1.8;0;0
2017;23;0;0;3.7;0;0;;0;0;0;0;0;0
2017;24;0;5.2;1;0;0;;0;0;0;0;0;0
2017;25;5;70;80.6;0;0;;0;0;0;0;0;0
2017;26;0.4;14;4.8;0;0;;0;0;0;0;0;0
2017;27;0;0;0;0;0;;0;0;0;0;0;0
2017;28;0;14.8;0;0;0;;0;0;0;0;0;0.2
2017;29;0;;0.5;0;0;;0;0;0;0;0;0
2017;30;54.2;;22.5;0;0;;0;0;0;0;0;0
2017;31;17.6;;7;;;;0;0;;0;;
