"fecha","chalaco","chusis","huamarca","huancabamba","miraflores"
"1981-01-01",23.5631008148193,31.1974029541016,25.4871444702148,30.4752025604248,33.2021713256836
"1981-02-01",22.2603816986084,32.4782409667969,23.9278545379639,29.8402996063232,34.0783538818359
"1981-03-01",23.8898811340332,31.7285919189453,25.2155132293701,30.2097263336182,33.7623405456543
"1981-04-01",24.1034870147705,30.6562614440918,25.0917911529541,29.8148803710938,32.1768264770508
"1981-05-01",23.7472114562988,28.1967468261719,24.7086410522461,28.8561954498291,29.4451484680176
"1981-06-01",23.7482204437256,26.4911499023438,24.5649929046631,27.904426574707,27.7346744537354
"1981-07-01",23.4346084594727,25.166898727417,24.2337017059326,27.2623882293701,26.9828910827637
"1981-08-01",24.3360042572021,24.939037322998,25.202127456665,27.6536827087402,27.0488948822021
"1981-09-01",24.4580326080322,26.6591377258301,25.98264503479,29.3595161437988,28.9499530792236
"1981-10-01",24.5966129302979,27.7844753265381,26.1032943725586,29.8480129241943,29.8231601715088
"1981-11-01",25.4250793457031,28.1566371917725,26.7281818389893,30.5074729919434,30.4054126739502
"1981-12-01",23.8548164367676,30.0183086395264,25.6803798675537,30.9791564941406,32.2364196777344
"1982-01-01",23.010425567627,31.5367641448975,25.0340976715088,30.516206741333,33.4671096801758
"1982-02-01",23.1835880279541,32.5044593811035,24.9000015258789,30.227725982666,34.0886421203613
"1982-03-01",24.0336894989014,31.7068996429443,25.4311008453369,30.1848964691162,33.6545562744141
"1982-04-01",23.5539073944092,30.4662322998047,24.7020874023438,29.4529094696045,31.8123683929443
"1982-05-01",23.0986099243164,28.6572360992432,24.2597236633301,29.0381660461426,29.7695484161377
"1982-06-01",23.9629497528076,26.922420501709,24.7944755554199,28.5717372894287,28.5500011444092
"1982-07-01",24.0725784301758,26.2776851654053,24.8914051055908,28.2870635986328,28.070276260376
"1982-08-01",24.2563209533691,25.845682144165,25.5888061523438,28.3477802276611,27.8468399047852
"1982-09-01",24.4292240142822,27.6570510864258,25.9095497131348,29.6553802490234,29.648250579834
"1982-10-01",24.8111782073975,28.4640598297119,26.2472229003906,30.3568725585938,30.8649063110352
"1982-11-01",24.9668674468994,29.6970500946045,26.8919486999512,31.2224540710449,31.7475433349609
"1982-12-01",23.3140316009521,31.4204540252686,25.2834873199463,31.4759006500244,33.1933746337891
"1983-01-01",23.2443656921387,32.0930633544922,25.2558002471924,30.9726982116699,33.6453514099121
"1983-02-01",23.4255332946777,33.6851234436035,25.233154296875,29.9284267425537,34.215217590332
"1983-03-01",24.625768661499,32.6472129821777,26.1339054107666,31.1592655181885,34.3932838439941
"1983-04-01",24.5112533569336,31.2687454223633,25.8362789154053,30.2806854248047,32.613151550293
"1983-05-01",24.700159072876,31.1974334716797,25.9892826080322,30.1443500518799,31.6200218200684
"1983-06-01",24.732027053833,28.3691387176514,25.4370937347412,29.725154876709,30.2716484069824
"1983-07-01",24.9764347076416,27.8682422637939,25.7837905883789,29.6737747192383,29.9537010192871
"1983-08-01",24.5628261566162,26.9274139404297,25.875602722168,29.3945350646973,29.1724987030029
"1983-09-01",24.0827693939209,27.3013229370117,26.1272163391113,29.3274364471436,29.3500308990479
"1983-10-01",24.2830009460449,27.307487487793,25.8957042694092,29.7580738067627,29.7410697937012
"1983-11-01",24.9154987335205,28.2387866973877,26.5331974029541,30.6145648956299,30.6781215667725
"1983-12-01",22.5926265716553,30.0800952911377,24.3987503051758,30.5476264953613,32.0383338928223
"1984-01-01",23.9089889526367,31.8357067108154,25.3794994354248,30.3875045776367,33.745849609375
"1984-02-01",22.0058631896973,32.3174438476562,23.9175224304199,29.6890411376953,34.0369071960449
"1984-03-01",23.3864307403564,31.3272304534912,24.6590423583984,29.7576847076416,33.3163948059082
"1984-04-01",23.2150173187256,30.7243747711182,24.1544132232666,29.5334205627441,31.9290046691895
"1984-05-01",22.7259044647217,28.2294635772705,23.8831100463867,29.0058746337891,29.6155223846436
"1984-06-01",22.6775894165039,26.2969608306885,23.9256591796875,27.8835048675537,27.9612331390381
"1984-07-01",22.7202529907227,25.3891487121582,23.6462383270264,27.4230937957764,27.0758743286133
"1984-08-01",23.8628463745117,25.3769435882568,24.8777332305908,27.8719120025635,27.2977676391602
"1984-09-01",23.896541595459,26.3627452850342,25.2131214141846,28.6219158172607,28.2561225891113
"1984-10-01",24.4426860809326,27.2504730224609,26.033763885498,29.8753204345703,29.6977195739746
"1984-11-01",24.6270599365234,27.6484222412109,26.2010860443115,30.0589637756348,30.2174167633057
"1984-12-01",23.609561920166,30.1464557647705,25.502986907959,30.9750843048096,32.3643417358398
"1985-01-01",22.7906455993652,30.8558616638184,24.1466121673584,29.8413410186768,32.7979164123535
"1985-02-01",22.6835956573486,32.5961494445801,24.4691047668457,30.0858459472656,34.3713607788086
"1985-03-01",24.0432090759277,31.8682804107666,25.4165802001953,30.2836799621582,33.8170318603516
"1985-04-01",23.9571418762207,30.173620223999,24.8543872833252,29.4681282043457,31.7071971893311
"1985-05-01",23.5851783752441,27.5924129486084,24.5581855773926,28.5018978118896,29.1225986480713
"1985-06-01",23.9087257385254,26.3618068695068,24.9183921813965,28.0861186981201,27.9684085845947
"1985-07-01",23.0579586029053,24.7645797729492,23.911003112793,27.0040950775146,26.6059341430664
"1985-08-01",23.5103721618652,24.5966339111328,24.6042900085449,27.4312992095947,26.7455577850342
"1985-09-01",24.7513217926025,26.2018547058105,25.9428768157959,29.0637016296387,28.5889492034912
"1985-10-01",24.9494152069092,26.607250213623,26.1039409637451,29.4306564331055,29.1325645446777
"1985-11-01",25.3018131256104,27.8309574127197,26.7572689056396,30.2689685821533,30.4912643432617
"1985-12-01",23.3489017486572,29.6798896789551,25.2505073547363,30.6440773010254,32.0249481201172
"1986-01-01",22.3372020721436,31.451379776001,24.3966827392578,30.3498420715332,33.3695220947266
"1986-02-01",23.2438011169434,32.8695373535156,24.8927822113037,30.2719058990479,34.5539665222168
"1986-03-01",23.952751159668,31.7754707336426,25.3658924102783,30.1322822570801,33.8420524597168
"1986-04-01",23.4438133239746,30.7005157470703,24.6044445037842,29.7969284057617,32.111644744873
"1986-05-01",23.8446960449219,28.4908294677734,24.6244773864746,29.2390251159668,29.8341064453125
"1986-06-01",23.0736312866211,25.7601680755615,24.1511268615723,27.7446041107178,27.4357318878174
"1986-07-01",23.2230739593506,25.4192695617676,23.9954566955566,27.3491115570068,27.1836948394775
"1986-08-01",23.9350643157959,25.1741313934326,25.0806941986084,28.093900680542,27.4349269866943
"1986-09-01",24.2677974700928,26.9116477966309,25.7391471862793,29.4512939453125,29.3376178741455
"1986-10-01",25.0965061187744,27.1939792633057,26.5156707763672,29.7122173309326,29.686450958252
"1986-11-01",24.9825897216797,28.1400623321533,26.4723262786865,30.6367626190186,30.7600231170654
"1986-12-01",23.8802127838135,30.5812091827393,25.4445190429688,31.0165576934814,32.65625
"1987-01-01",22.7461223602295,32.3443641662598,24.6042022705078,30.8583354949951,34.3247146606445
"1987-02-01",23.3540554046631,33.1970710754395,25.0519771575928,30.8252353668213,34.8348541259766
"1987-03-01",25.0543251037598,32.5908508300781,26.2203121185303,31.1363658905029,34.4533195495605
"1987-04-01",24.5874080657959,31.6764583587646,25.8077602386475,30.6900501251221,32.9999160766602
"1987-05-01",24.4499206542969,29.3841953277588,25.391284942627,29.9236946105957,30.7581386566162
"1987-06-01",24.9373359680176,27.5863475799561,25.7413101196289,29.2184581756592,29.2896766662598
"1987-07-01",24.411714553833,26.5388927459717,25.2931442260742,28.7341861724854,28.4628868103027
"1987-08-01",24.5704650878906,26.4200325012207,25.6468276977539,29.0488624572754,28.5483932495117
"1987-09-01",25.2851810455322,27.5116577148438,26.6690273284912,30.0745277404785,29.7529754638672
"1987-10-01",25.8416118621826,27.5546646118164,27.2036380767822,30.1770439147949,30.1611843109131
"1987-11-01",25.1860446929932,28.4647521972656,26.8757743835449,30.8399810791016,31.0533542633057
"1987-12-01",24.1626625061035,30.5766620635986,26.0770263671875,31.438404083252,32.6877861022949
"1988-01-01",22.914098739624,31.6111297607422,24.7215423583984,30.8521118164062,33.7393608093262
"1988-02-01",23.1207008361816,32.8862228393555,24.822473526001,30.7581367492676,34.5811958312988
"1988-03-01",24.1199779510498,31.9718990325928,25.567907333374,30.7807292938232,33.9364471435547
"1988-04-01",23.7277755737305,31.2052898406982,24.9834213256836,30.1866607666016,32.5984725952148
"1988-05-01",24.0806198120117,29.2559509277344,25.3686752319336,29.823392868042,30.6712036132812
"1988-06-01",24.1733894348145,26.2932453155518,25.0184783935547,28.1333847045898,28.0554504394531
"1988-07-01",23.9564113616943,25.1601963043213,24.8632926940918,27.6340656280518,27.1436328887939
"1988-08-01",24.5844821929932,24.9839305877686,25.6544666290283,28.226676940918,27.3682174682617
"1988-09-01",24.4971752166748,25.9254264831543,25.813871383667,28.9544525146484,28.3883113861084
"1988-10-01",24.6846504211426,26.7537689208984,26.1979084014893,29.473295211792,29.3829383850098
"1988-11-01",23.9168758392334,27.84250831604,25.7007369995117,30.1312103271484,30.2731246948242
"1988-12-01",23.4812393188477,29.6292266845703,25.3115539550781,30.6177749633789,31.9789962768555
"1989-01-01",21.3412818908691,31.9138259887695,23.511646270752,30.4525966644287,33.8300132751465
"1989-02-01",21.1147270202637,32.3452033996582,22.9970932006836,29.5228118896484,34.0818824768066
"1989-03-01",22.850513458252,31.6970310211182,24.4975261688232,29.9590511322021,33.756534576416
"1989-04-01",23.0991611480713,30.1779460906982,24.2460918426514,29.253698348999,31.7651176452637
"1989-05-01",23.2503242492676,27.3491230010986,24.4304351806641,28.2142086029053,28.9105472564697
"1989-06-01",22.6076221466064,25.5642986297607,23.6315574645996,27.3661556243896,27.30686378479
"1989-07-01",23.637393951416,25.1077690124512,24.449254989624,27.2181568145752,26.9061508178711
"1989-08-01",23.997106552124,24.9782962799072,25.3056621551514,28.0037937164307,27.2537574768066
"1989-09-01",24.0790519714355,25.8918952941895,25.5399055480957,28.9246006011963,28.2659034729004
"1989-10-01",23.9738121032715,27.0973148345947,25.5963954925537,29.5664939880371,29.5064697265625
"1989-11-01",25.6512145996094,28.1239147186279,27.2208614349365,30.6992530822754,30.7543201446533
"1989-12-01",25.6240730285645,29.6024646759033,27.1220264434814,30.9670581817627,31.896505355835
"1990-01-01",23.1169757843018,31.8596687316895,25.1326103210449,30.7633190155029,33.8101654052734
"1990-02-01",23.7575435638428,32.6677017211914,25.3426570892334,30.5285415649414,34.362232208252
"1990-03-01",24.5837135314941,32.7965469360352,26.003324508667,31.2306079864502,34.6081733703613
"1990-04-01",24.230110168457,31.1547603607178,25.3371391296387,30.2685546875,32.4917030334473
"1990-05-01",24.1126747131348,29.2702331542969,25.3529205322266,29.7823657989502,30.3820304870605
"1990-06-01",23.8886280059814,27.248067855835,24.864595413208,28.7527408599854,28.9532566070557
"1990-07-01",24.1897888183594,25.5437469482422,24.8873519897461,27.8212356567383,27.4884376525879
"1990-08-01",24.5810794830322,25.4497203826904,25.6594352722168,28.4217548370361,27.7890014648438
"1990-09-01",25.2079792022705,26.5237064361572,26.3434581756592,29.4011993408203,28.9323558807373
"1990-10-01",24.8941402435303,26.9268436431885,26.262975692749,29.6977481842041,29.6310729980469
"1990-11-01",24.7783031463623,27.8684711456299,26.4622631072998,30.3272647857666,30.5291213989258
"1990-12-01",23.9820728302002,29.9462623596191,25.6704483032227,30.9137687683105,32.2229881286621
"1991-01-01",23.5575275421143,32.1576957702637,25.2386856079102,31.1599426269531,34.025333404541
"1991-02-01",23.8840293884277,33.1124305725098,25.4548816680908,30.8678436279297,34.7698135375977
"1991-03-01",24.2585163116455,32.6254920959473,25.6854591369629,30.9050350189209,34.6205673217773
"1991-04-01",24.5955619812012,31.5908699035645,25.6888866424561,30.5638656616211,33.0192451477051
"1991-05-01",24.6988868713379,29.99338722229,25.8256912231445,30.4027538299561,31.3402099609375
"1991-06-01",24.8898029327393,27.4420509338379,25.6520385742188,29.0493259429932,29.090202331543
"1991-07-01",24.6954669952393,25.8301029205322,25.5085334777832,28.0600185394287,27.7099361419678
"1991-08-01",24.0771808624268,25.5474052429199,25.3973159790039,28.3041725158691,27.7307205200195
"1991-09-01",25.5271892547607,26.6690139770508,26.635347366333,29.4835624694824,28.9781188964844
"1991-10-01",24.6990585327148,27.1543788909912,26.3627758026123,29.8724670410156,29.8205280303955
"1991-11-01",25.323637008667,28.4029293060303,26.7676467895508,30.7045783996582,30.9071273803711
"1991-12-01",24.7972736358643,30.4009647369385,26.4922981262207,31.2619152069092,32.6480140686035
"1992-01-01",23.7989883422852,32.1567535400391,25.8244915008545,30.9719619750977,34.0045890808105
"1992-02-01",23.8921203613281,33.0743675231934,25.6444568634033,30.6449737548828,34.6497840881348
"1992-03-01",24.8133277893066,32.7990074157715,26.2322959899902,30.9286956787109,34.3859825134277
"1992-04-01",24.1128768920898,31.650369644165,25.2369594573975,30.2104740142822,32.647819519043
"1992-05-01",24.8461170196533,31.4118137359619,25.3024997711182,29.9077301025391,31.8105449676514
"1992-06-01",23.6509971618652,27.6401710510254,24.7048072814941,28.9475269317627,29.4592189788818
"1992-07-01",23.7333889007568,26.4810333251953,24.599235534668,28.3956546783447,28.2917060852051
"1992-08-01",24.5063304901123,25.9113540649414,25.5919780731201,28.6306438446045,28.0626659393311
"1992-09-01",24.3020267486572,26.6162395477295,25.7777881622314,29.143627166748,28.8097114562988
"1992-10-01",25.110372543335,27.8752918243408,26.6560916900635,30.4383525848389,30.4074401855469
"1992-11-01",24.9650859832764,28.4878978729248,26.6288623809814,30.5784549713135,30.8732776641846
"1992-12-01",23.9528350830078,30.1955451965332,25.8870620727539,30.9406776428223,32.2766876220703
"1993-01-01",23.3338832855225,32.3338661193848,25.6913909912109,31.1015472412109,34.2928771972656
"1993-02-01",22.7510452270508,33.0284767150879,24.6815624237061,30.4800968170166,34.6418838500977
"1993-03-01",23.4724254608154,32.6061744689941,24.8878364562988,30.3743286132812,34.4829978942871
"1993-04-01",23.6061573028564,31.4289836883545,24.9399089813232,30.2165203094482,32.8439025878906
"1993-05-01",24.507568359375,29.4057140350342,25.38747215271,29.4207553863525,30.8118762969971
"1993-06-01",23.8368721008301,28.0140514373779,24.861629486084,29.1292610168457,29.4909934997559
"1993-07-01",24.072566986084,26.6773624420166,25.125696182251,28.659387588501,28.4696826934814
"1993-08-01",24.325159072876,26.5168914794922,25.3514671325684,28.7824535369873,28.426965713501
"1993-09-01",24.1759433746338,27.5712547302246,25.6694717407227,29.8508567810059,29.5975894927979
"1993-10-01",24.6104049682617,28.179386138916,26.2239608764648,30.2966480255127,30.2949104309082
"1993-11-01",25.0199222564697,28.2041473388672,26.2995986938477,30.1665077209473,30.4740200042725
"1993-12-01",23.3768939971924,30.0147266387939,25.1634082794189,30.8463191986084,32.1748352050781
"1994-01-01",22.4968967437744,31.5744304656982,24.4514122009277,30.4523296356201,33.4562149047852
"1994-02-01",22.5267601013184,32.4682464599609,24.3267364501953,29.9728374481201,34.1388244628906
"1994-03-01",23.7690277099609,31.7169647216797,25.0516700744629,30.1070995330811,33.7268562316895
"1994-04-01",23.5950965881348,30.7909564971924,24.5905017852783,29.7380561828613,32.2367973327637
"1994-05-01",24.021390914917,28.9270534515381,25.0706253051758,29.5656795501709,30.3841209411621
"1994-06-01",23.2834453582764,26.3292293548584,24.2120361328125,28.111307144165,28.0715007781982
"1994-07-01",23.7962608337402,25.0933475494385,24.5624675750732,27.361795425415,27.0050926208496
"1994-08-01",23.8611392974854,24.8204517364502,25.1608543395996,27.8659439086914,27.1399078369141
"1994-09-01",24.6176795959473,26.8442192077637,26.2136478424072,29.2940330505371,29.0546131134033
"1994-10-01",25.2113304138184,27.3892650604248,26.6512641906738,29.9216117858887,29.9064502716064
"1994-11-01",24.8624134063721,28.1469326019287,26.5948886871338,30.5432796478271,30.7577705383301
"1994-12-01",23.7558403015137,30.1912231445312,25.6351299285889,30.9389095306396,32.2890739440918
"1995-01-01",23.4632091522217,32.2880821228027,25.5116291046143,31.1709156036377,34.0856094360352
"1995-02-01",23.2189083099365,32.7046394348145,24.9426879882812,30.4950523376465,34.3600158691406
"1995-03-01",24.202278137207,32.4879188537598,25.7141590118408,30.6893157958984,34.3649787902832
"1995-04-01",24.3066120147705,31.0871105194092,25.5495128631592,30.308256149292,32.5095520019531
"1995-05-01",24.0055885314941,29.177978515625,25.3742618560791,29.7365550994873,30.4089260101318
"1995-06-01",24.2218456268311,27.3124351501465,25.2009258270264,29.0152263641357,29.0441856384277
"1995-07-01",24.3626251220703,25.6804828643799,25.1492004394531,28.1585826873779,27.7081680297852
"1995-08-01",25.0781593322754,25.3974304199219,25.8582344055176,28.552827835083,27.666805267334
"1995-09-01",25.0501441955566,26.7509632110596,26.4022579193115,29.6322536468506,29.15989112854
"1995-10-01",25.0905723571777,27.0561752319336,26.3379497528076,29.7165431976318,29.6308364868164
"1995-11-01",24.4147491455078,28.1481437683105,26.1128425598145,30.400146484375,30.6166381835938
"1995-12-01",23.9253063201904,29.6386852264404,25.7009220123291,30.606372833252,31.9472408294678
"1996-01-01",22.639274597168,31.5100269317627,24.3347778320312,30.4107513427734,33.4069976806641
"1996-02-01",22.846996307373,32.8367958068848,24.355978012085,30.8958911895752,34.5287322998047
"1996-03-01",23.6111011505127,31.7071895599365,24.9844532012939,30.2242622375488,33.6509552001953
"1996-04-01",23.5636768341064,29.9312572479248,24.5777721405029,29.236307144165,31.4576835632324
"1996-05-01",23.9721298217773,28.3190212249756,24.9974803924561,29.0675640106201,29.807689666748
"1996-06-01",23.5087852478027,24.989803314209,24.4473762512207,27.1015434265137,26.7834377288818
"1996-07-01",24.0698280334473,24.2674140930176,24.6936073303223,26.9131393432617,26.2728900909424
"1996-08-01",23.5453948974609,24.5790252685547,24.757833480835,27.5442371368408,26.8489093780518
"1996-09-01",25.1087169647217,26.1264533996582,26.5263977050781,28.875431060791,28.4092693328857
"1996-10-01",24.2947521209717,26.8178730010986,25.7329998016357,29.1841068267822,29.0015296936035
"1996-11-01",25.5135135650635,27.2702903747559,26.9905624389648,29.9177627563477,29.8510551452637
"1996-12-01",24.2654819488525,29.7843189239502,26.040506362915,30.7277793884277,32.0697059631348
"1997-01-01",23.6023750305176,31.412145614624,25.4413089752197,30.4668350219727,33.5065498352051
"1997-02-01",22.6607818603516,33.1144943237305,24.5295219421387,30.3363094329834,34.8132667541504
"1997-03-01",25.2050609588623,32.873649597168,26.4381294250488,31.1014080047607,34.8218955993652
"1997-04-01",24.6476783752441,31.2836589813232,25.6960163116455,30.2541732788086,32.7726249694824
"1997-05-01",24.0300712585449,31.5006160736084,25.3896293640137,30.9352054595947,32.4925918579102
"1997-06-01",24.1723937988281,28.642614364624,25.3715267181396,29.9889621734619,30.2690315246582
"1997-07-01",25.024263381958,28.7739562988281,25.8213443756104,30.3450622558594,30.4467239379883
"1997-08-01",24.6145572662354,28.4583549499512,25.8442096710205,30.1079807281494,30.3704986572266
"1997-09-01",26.0999298095703,29.8818416595459,27.3071765899658,30.9333877563477,30.9340057373047
"1997-10-01",26.0806846618652,29.9399967193604,27.7350769042969,31.5532684326172,31.5802745819092
"1997-11-01",24.3264102935791,30.2424774169922,26.452917098999,30.9646015167236,31.8195419311523
"1997-12-01",23.3104381561279,31.9639301300049,25.3314170837402,31.1754188537598,33.4866828918457
"1998-01-01",23.7173404693604,32.3250732421875,26.0068645477295,30.9576606750488,33.8569869995117
"1998-02-01",23.9499092102051,32.9322395324707,25.8329830169678,30.7416210174561,34.4711532592773
"1998-03-01",24.4788570404053,32.5016288757324,26.1209087371826,30.9856510162354,34.2965240478516
"1998-04-01",24.7871837615967,31.3159637451172,26.211332321167,30.4388122558594,32.7475357055664
"1998-05-01",24.7559623718262,29.063346862793,26.2185497283936,29.3944129943848,30.56374168396
"1998-06-01",24.1050853729248,27.8597011566162,25.1558876037598,29.0493583679199,29.8864059448242
"1998-07-01",24.6915588378906,26.848747253418,25.7553024291992,29.125919342041,28.9760818481445
"1998-08-01",24.6533870697021,25.6109428405762,25.5490493774414,28.9031391143799,28.2566108703613
"1998-09-01",25.6447563171387,26.8031787872314,26.9458274841309,29.7682437896729,29.3564567565918
"1998-10-01",25.240348815918,27.1008949279785,26.6943874359131,29.8680801391602,29.7666301727295
"1998-11-01",25.0999736785889,28.2142124176025,26.8192901611328,30.5789699554443,30.8024425506592
"1998-12-01",24.7660179138184,29.2729339599609,26.4524078369141,30.735782623291,31.6164264678955
"1999-01-01",23.1833934783936,31.403039932251,25.2138404846191,30.4896335601807,33.4489517211914
"1999-02-01",22.0549926757812,31.3437366485596,23.7248497009277,29.2001972198486,34.1091918945312
"1999-03-01",23.6656894683838,31.8273983001709,25.1057567596436,30.1593627929688,34.1586647033691
"1999-04-01",22.8065624237061,30.3486595153809,24.0710525512695,29.2834243774414,32.052978515625
"1999-05-01",22.6593723297119,27.7744884490967,23.9350337982178,28.4196128845215,29.2577972412109
"1999-06-01",23.0069007873535,25.6107311248779,24.2127914428711,27.6301860809326,27.5763072967529
"1999-07-01",22.733943939209,24.7294483184814,23.5507011413574,27.0199604034424,26.7807769775391
"1999-08-01",23.8891487121582,24.9711952209473,25.0027885437012,27.8023910522461,27.151216506958
"1999-09-01",23.980562210083,26.106107711792,25.4371585845947,28.9334545135498,28.5008945465088
"1999-10-01",24.3951740264893,26.9299468994141,25.8954257965088,29.8591823577881,29.8778839111328
"1999-11-01",24.5564250946045,27.9881610870361,26.0360565185547,30.3540058135986,30.5760250091553
"1999-12-01",22.7639865875244,29.2644996643066,24.8328533172607,30.3482494354248,31.4295825958252
"2000-01-01",23.0574817657471,31.334041595459,25.039514541626,30.4013767242432,33.369327545166
"2000-02-01",22.2273445129395,32.6420097351074,23.9701061248779,29.9738750457764,34.4267234802246
"2000-03-01",22.9952297210693,31.4913215637207,24.6014747619629,29.8161640167236,33.5052452087402
"2000-04-01",22.7706413269043,30.7779769897461,24.1676063537598,29.5428352355957,32.1571464538574
"2000-05-01",23.2261962890625,28.3787364959717,24.4035415649414,28.9250888824463,29.6860256195068
"2000-06-01",23.2217388153076,25.088399887085,24.1480464935303,26.9678573608398,27.2190017700195
"2000-07-01",23.4830074310303,24.4006252288818,24.1953144073486,26.6119365692139,26.4100303649902
"2000-08-01",23.7949275970459,25.3520832061768,24.8972606658936,28.0726451873779,27.5621109008789
"2000-09-01",24.0239276885986,26.7383594512939,25.4282283782959,29.0560340881348,28.849645614624
"2000-10-01",25.4405422210693,27.4180145263672,27.072359085083,29.9676723480225,29.9999752044678
"2000-11-01",25.280345916748,27.9016056060791,26.8387145996094,30.2217311859131,29.8957958221436
"2000-12-01",23.045955657959,29.4304065704346,24.9348945617676,30.310022354126,31.6303043365479
"2001-01-01",21.6311378479004,31.3751564025879,23.8891143798828,29.9721031188965,33.2871055603027
"2001-02-01",22.2176208496094,32.9220161437988,24.0762577056885,30.1691131591797,34.528678894043
"2001-03-01",23.3274078369141,31.4772891998291,25.0299282073975,29.698802947998,33.2831420898438
"2001-04-01",23.6032276153564,30.1723098754883,25.0532283782959,29.3657341003418,31.7440986633301
"2001-05-01",23.3768653869629,27.179801940918,24.7114753723145,28.1324424743652,28.7804908752441
"2001-06-01",23.0170764923096,24.4525661468506,24.205005645752,26.6397285461426,26.2977237701416
"2001-07-01",23.3253707885742,24.3178997039795,24.5747680664062,26.857328414917,26.157693862915
"2001-08-01",24.3438034057617,24.3503837585449,25.6795444488525,27.5644989013672,26.7550945281982
"2001-09-01",24.284631729126,25.7715473175049,25.7361316680908,28.3435401916504,27.9091949462891
"2001-10-01",24.890115737915,25.7894649505615,26.2907772064209,28.8891773223877,28.3963966369629
"2001-11-01",23.8908176422119,27.3800506591797,25.6410160064697,29.9326496124268,29.8070373535156
"2001-12-01",23.9222831726074,29.4441719055176,25.6168193817139,30.449836730957,31.5458755493164
"2002-01-01",23.7068786621094,32.0341644287109,25.4636402130127,31.2121829986572,33.7679862976074
"2002-02-01",22.9679183959961,32.8427848815918,24.7644844055176,30.291374206543,34.5175933837891
"2002-03-01",24.0513935089111,32.5342750549316,25.6014175415039,30.7590484619141,34.4859657287598
"2002-04-01",23.7706966400146,30.7630424499512,24.9936027526855,29.763765335083,32.2322463989258
"2002-05-01",24.2907695770264,29.9757041931152,25.5785827636719,30.2309513092041,31.1653499603271
"2002-06-01",23.8956451416016,27.0570335388184,24.8315868377686,28.8899307250977,28.7690353393555
"2002-07-01",23.7477531433105,25.3365173339844,24.7840461730957,27.6238632202148,27.2237148284912
"2002-08-01",24.5023250579834,25.0436630249023,25.5684852600098,28.0785980224609,27.3391857147217
"2002-09-01",25.4372386932373,26.560905456543,26.8804359436035,29.4897937774658,28.8011131286621
"2002-10-01",24.4231510162354,27.3395290374756,26.2508430480957,29.779598236084,29.7757244110107
"2002-11-01",24.1503601074219,28.2356491088867,26.068229675293,30.4316654205322,30.7588768005371
"2002-12-01",23.5572452545166,30.084300994873,25.3760280609131,30.8882904052734,32.1314392089844
"2003-01-01",23.3919792175293,31.8945903778076,25.4130668640137,30.91845703125,33.6363334655762
"2003-02-01",23.5549182891846,32.8397407531738,25.2561092376709,30.492618560791,34.4397277832031
"2003-03-01",24.1206951141357,32.6176834106445,25.6208820343018,30.8675060272217,34.5475807189941
"2003-04-01",24.0991916656494,31.2199459075928,25.42551612854,30.3650989532471,32.6456909179688
"2003-05-01",23.8147087097168,28.8402137756348,25.1466693878174,29.4938354492188,30.1103076934814
"2003-06-01",23.4969787597656,26.7070751190186,24.4944381713867,28.3637847900391,28.2491607666016
"2003-07-01",23.7728958129883,25.9724464416504,24.5187816619873,28.0385971069336,27.59641456604
"2003-08-01",24.4851875305176,25.6668453216553,25.5357189178467,28.3492164611816,27.7441596984863
"2003-09-01",25.113410949707,26.0124359130859,26.4536819458008,28.7331886291504,28.263843536377
"2003-10-01",25.2278366088867,27.4128761291504,26.603874206543,29.8616600036621,29.7538757324219
"2003-11-01",25.2418518066406,27.9256381988525,26.7994327545166,30.2728424072266,30.115608215332
"2003-12-01",23.8292617797852,30.4005451202393,25.5823097229004,31.102144241333,32.3870010375977
"2004-01-01",25.2612228393555,32.2969284057617,26.1197109222412,31.6394691467285,33.709774017334
"2004-02-01",23.8691024780273,33.6604881286621,25.4764614105225,31.0541877746582,34.9209251403809
"2004-03-01",24.3706359863281,33.3524742126465,25.9748001098633,31.5979652404785,34.8594932556152
"2004-04-01",24.5104274749756,31.6167659759521,25.7978553771973,31.0410385131836,32.7952766418457
"2004-05-01",24.547966003418,28.8519458770752,25.3905448913574,29.7489051818848,29.981014251709
"2004-06-01",23.3754711151123,26.3636913299561,24.3411540985107,27.9173221588135,27.8611259460449
"2004-07-01",23.4316253662109,25.5054988861084,24.3848495483398,27.5288276672363,27.2357082366943
"2004-08-01",24.4219646453857,25.7220897674561,25.3340663909912,28.2028045654297,27.7316589355469
"2004-09-01",24.774227142334,27.3704414367676,26.1022567749023,29.5640602111816,29.2419719696045
"2004-10-01",24.6728687286377,28.0398406982422,26.1248760223389,30.2281703948975,30.3829612731934
"2004-11-01",24.7917461395264,28.547435760498,26.47145652771,30.7597122192383,30.8824024200439
"2004-12-01",23.940013885498,30.5572986602783,25.7118358612061,31.2363815307617,32.5725212097168
"2005-01-01",23.983814239502,32.6427841186523,25.7648696899414,31.5115375518799,34.3644866943359
"2005-02-01",23.5727024078369,32.9602661132812,25.2316341400146,30.5463848114014,34.5002632141113
"2005-03-01",24.0039005279541,31.9463214874268,25.4318008422852,30.4164562225342,33.7674331665039
"2005-04-01",24.7720489501953,32.2101058959961,25.8645668029785,31.087947845459,33.4983863830566
"2005-05-01",24.8729305267334,28.6404190063477,25.8592510223389,29.5302619934082,30.2296009063721
"2005-06-01",24.3013763427734,26.6519584655762,25.1149272918701,28.5448627471924,28.3011608123779
"2005-07-01",24.7204990386963,25.7366886138916,25.3815231323242,28.0171718597412,27.6839637756348
"2005-08-01",24.8483009338379,25.5232791900635,25.8503112792969,28.5240936279297,27.7460670471191
"2005-09-01",25.1862506866455,25.9261817932129,26.6482238769531,28.9819278717041,28.3042984008789
"2005-10-01",24.422004699707,26.4756984710693,25.8355464935303,29.3402462005615,29.0507030487061
"2005-11-01",25.0315818786621,27.2212028503418,26.6089725494385,29.9662094116211,29.7899303436279
"2005-12-01",23.4491958618164,29.5517978668213,25.3067474365234,30.5183811187744,31.7492866516113
"2006-01-01",23.2504367828369,32.2250366210938,25.2413139343262,30.9669456481934,34.0725860595703
"2006-02-01",22.5771579742432,32.8580322265625,24.3659439086914,30.4036960601807,34.424560546875
"2006-03-01",23.5250358581543,32.4241027832031,25.0450267791748,30.669921875,34.3716621398926
"2006-04-01",24.0028667449951,31.0401496887207,25.1605930328369,30.1235160827637,32.5305557250977
"2006-05-01",24.1367683410645,29.3199443817139,25.2845802307129,29.8187389373779,30.7597484588623
"2006-06-01",23.5978908538818,26.3586330413818,24.4637699127197,28.2944087982178,28.1837425231934
"2006-07-01",24.0680332183838,25.7540092468262,24.8044528961182,28.0282897949219,27.6144065856934
"2006-08-01",24.5154914855957,26.2166137695312,25.6627197265625,28.9954509735107,28.3620624542236
"2006-09-01",25.048023223877,27.2412395477295,26.4951763153076,29.9633102416992,29.5742034912109
"2006-10-01",25.6823482513428,27.7931423187256,27.1837120056152,30.3398551940918,30.313009262085
"2006-11-01",25.2131977081299,28.6976070404053,26.8277969360352,30.6737899780273,31.1799602508545
"2006-12-01",23.8302307128906,30.4499607086182,25.6104965209961,31.2395343780518,32.5547637939453
"2007-01-01",22.8045825958252,32.4413604736328,24.6315860748291,31.1428318023682,34.1075477600098
"2007-02-01",23.8724384307861,33.5809631347656,25.6801204681396,31.4060688018799,35.2150802612305
"2007-03-01",24.0135135650635,32.7973709106445,25.4402275085449,30.9269256591797,34.6413383483887
"2007-04-01",23.8600845336914,31.6389751434326,25.0205020904541,30.5018978118896,33.0343284606934
"2007-05-01",24.1386165618896,28.8443508148193,25.3238315582275,29.4935665130615,30.3592071533203
"2007-06-01",23.0892276763916,25.9808235168457,24.1048336029053,28.1519603729248,27.8209133148193
"2007-07-01",24.0957221984863,25.4493999481201,24.8476181030273,27.8584365844727,27.385082244873
"2007-08-01",24.0248279571533,24.7081108093262,25.1539726257324,27.8070373535156,26.7698516845703
"2007-09-01",24.3264503479004,25.5063591003418,25.6539630889893,28.5368843078613,27.8652095794678
"2007-10-01",23.9765853881836,25.2366600036621,25.2117938995361,28.4533958435059,28.0441188812256
"2007-11-01",23.0352191925049,27.1789855957031,24.7657623291016,29.450891494751,29.4254322052002
"2007-12-01",23.3565921783447,28.8838405609131,25.2016639709473,30.0866317749023,31.0554828643799
"2008-01-01",21.9051952362061,31.1885757446289,23.8461894989014,29.7116241455078,32.7941780090332
"2008-02-01",22.2356777191162,32.2635383605957,23.9860591888428,29.7859115600586,33.7116470336914
"2008-03-01",23.7586212158203,32.2150344848633,25.1613597869873,30.1807518005371,33.9687232971191
"2008-04-01",23.3053722381592,30.6268978118896,24.6026973724365,29.7935199737549,32.1267776489258
"2008-05-01",23.4243316650391,28.0544700622559,24.641321182251,28.831470489502,29.7399959564209
"2008-06-01",23.5150032043457,25.6667232513428,24.135591506958,27.6135807037354,27.49977684021
"2008-07-01",23.9791221618652,25.5048694610596,24.7947025299072,27.2685966491699,27.3083324432373
"2008-08-01",24.312707901001,25.1453113555908,25.3431873321533,28.1976890563965,27.5409851074219
"2008-09-01",24.3374938964844,26.9760627746582,25.6979560852051,29.43678855896,29.204532623291
"2008-10-01",24.0456447601318,26.9246292114258,25.4994106292725,29.4916610717773,29.5411396026611
"2008-11-01",24.1944446563721,27.7077827453613,25.8628196716309,30.0515480041504,30.0792789459229
"2008-12-01",24.6309261322021,30.0230617523193,26.3458271026611,31.0639209747314,32.3273582458496
"2009-01-01",22.2963027954102,31.3661956787109,24.2299537658691,30.083137512207,33.054744720459
"2009-02-01",22.2364482879639,32.276195526123,24.0385131835938,29.9196166992188,33.9081726074219
"2009-03-01",23.6481170654297,32.2816848754883,25.0942249298096,30.5003414154053,34.1827926635742
"2009-04-01",23.6951694488525,31.6555023193359,24.9640026092529,30.257942199707,32.9733657836914
"2009-05-01",23.9641933441162,29.4732227325439,25.0857429504395,29.8579025268555,30.9104957580566
"2009-06-01",23.8357467651367,26.8687438964844,24.5127258300781,28.4647579193115,28.5705604553223
"2009-07-01",23.9262943267822,26.5263195037842,24.7230033874512,28.4417591094971,28.3437271118164
"2009-08-01",24.4679985046387,26.0116710662842,25.6218090057373,28.6936855316162,28.1312427520752
"2009-09-01",25.038215637207,26.7765293121338,26.3463363647461,29.460033416748,29.0027923583984
"2009-10-01",25.2096920013428,27.1991100311279,26.6340751647949,29.9858226776123,29.6685428619385
"2009-11-01",25.1889114379883,27.8053455352783,26.833812713623,30.5539150238037,30.4821434020996
"2009-12-01",23.7474155426025,30.0166664123535,25.5588493347168,31.0499134063721,32.1361045837402
"2010-01-01",23.4343585968018,31.9472885131836,25.3038330078125,31.0048084259033,33.7619171142578
"2010-02-01",24.0037803649902,32.8086090087891,25.6597785949707,30.7715473175049,34.4197692871094
"2010-03-01",24.9632205963135,32.7746849060059,26.4239521026611,31.3390407562256,34.6563606262207
"2010-04-01",24.9022178649902,31.823278427124,26.1693000793457,30.924825668335,33.170166015625
"2010-05-01",24.8844242095947,29.7985858917236,25.9114379882812,30.3133735656738,31.174674987793
"2010-06-01",23.9713096618652,27.4360637664795,24.7764892578125,29.0524673461914,28.951244354248
"2010-07-01",25.5233211517334,25.8278789520264,26.2678508758545,28.270320892334,27.6375045776367
"2010-08-01",25.1851406097412,25.3363132476807,26.0984172821045,28.5218906402588,27.5235996246338
"2010-09-01",25.3587779998779,25.8035011291504,26.2845802307129,28.6325550079346,27.9630279541016
"2010-10-01",25.3006553649902,26.2179908752441,26.4785442352295,29.2953281402588,28.7621974945068
"2010-11-01",24.7023620605469,27.125617980957,26.2236213684082,29.7279071807861,29.3201656341553
"2010-12-01",23.6107025146484,29.5653018951416,25.557767868042,30.6307220458984,31.5792942047119
"2011-01-01",23.67236328125,31.8959693908691,25.5523624420166,31.1404247283936,33.5266189575195
"2011-02-01",23.5409965515137,33.3598670959473,25.2114143371582,30.6818065643311,35.0041198730469
"2011-03-01",24.8510704040527,32.9067192077637,26.7550029754639,31.7692279815674,34.5446586608887
"2011-04-01",23.5625038146973,31.4055213928223,24.8755760192871,30.3239440917969,32.787727355957
"2011-05-01",24.3181629180908,29.9535598754883,25.4943428039551,30.1511554718018,31.1478862762451
"2011-06-01",23.9991245269775,28.4138259887695,24.6296443939209,29.3684940338135,29.6743335723877
"2011-07-01",23.8355693817139,26.5707893371582,24.720272064209,28.1984786987305,28.0846309661865
"2011-08-01",24.6008853912354,25.9529552459717,25.8285045623779,28.9093341827393,28.1348552703857
"2011-09-01",24.2409820556641,26.8370399475098,25.7284393310547,29.3580169677734,29.15212059021
"2011-10-01",24.542688369751,26.8164157867432,25.9469337463379,29.3597354888916,29.2624206542969
"2011-11-01",24.6198196411133,28.5097389221191,26.4401168823242,30.5302143096924,30.6581516265869
"2011-12-01",22.8910980224609,30.3232612609863,24.9100742340088,30.8007965087891,32.2663230895996
"2012-01-01",22.1356163024902,32.3201904296875,24.0224437713623,30.5866317749023,33.8045921325684
"2012-02-01",22.5628757476807,32.7407913208008,24.4135704040527,29.9920883178711,34.3576049804688
"2012-03-01",24.0695114135742,33.1858444213867,25.6386108398438,31.0380916595459,34.9332542419434
"2012-04-01",24.3768520355225,32.3896980285645,25.5736694335938,30.6593551635742,33.7292861938477
"2012-05-01",23.7251129150391,31.1304798126221,24.9675846099854,30.7910842895508,32.2263145446777
"2012-06-01",24.2589912414551,29.1459999084473,25.0004100799561,29.7280654907227,30.4621601104736
"2012-07-01",24.2363662719727,27.0822372436523,24.9101390838623,28.7663726806641,28.7028484344482
"2012-08-01",24.4949398040771,26.0941619873047,25.5767841339111,28.8521251678467,28.2337417602539
"2012-09-01",25.1580791473389,26.9635524749756,26.4657917022705,29.6562271118164,29.2480354309082
"2012-10-01",24.3424587249756,27.1261978149414,25.9599990844727,29.6115398406982,29.6061267852783
"2012-11-01",24.6241493225098,28.4491653442383,26.3741798400879,30.7337799072266,30.8552093505859
"2012-12-01",24.0839061737061,30.0033512115479,25.9929294586182,30.9259204864502,32.1375885009766
"2013-01-01",22.8777198791504,32.1794891357422,24.6760368347168,30.8335838317871,33.7558822631836
"2013-02-01",23.5121421813965,33.7648086547852,25.3971099853516,30.9746894836426,35.1428833007812
"2013-03-01",24.3063373565674,32.1704521179199,25.6236476898193,30.7033233642578,34.0881652832031
"2013-04-01",24.8721446990967,30.7472705841064,25.7322788238525,30.6837120056152,32.4090805053711
"2013-05-01",23.8114337921143,28.3425960540771,24.9409828186035,29.1585330963135,29.8324775695801
"2013-06-01",23.4448184967041,26.0122833251953,24.3043804168701,27.8722648620605,27.8475723266602
"2013-07-01",23.7286109924316,25.5824127197266,24.5596809387207,27.7355651855469,27.4699039459229
"2013-08-01",24.1192741394043,25.928129196167,25.1401805877686,28.4149761199951,27.9044494628906
"2013-09-01",25.4119567871094,26.6906776428223,26.6962471008301,29.5308132171631,29.0500469207764
"2013-10-01",24.7466659545898,26.8586025238037,26.3030967712402,29.5416202545166,29.41530418396
"2013-11-01",25.6721305847168,27.5339031219482,27.1103191375732,30.0327396392822,29.9262351989746
"2013-12-01",24.4815692901611,30.5885734558105,26.1497344970703,31.341178894043,32.7112808227539
"2014-01-01",23.7429542541504,32.6688919067383,25.6024169921875,31.1274547576904,34.3540420532227
"2014-02-01",24.0322341918945,33.9345054626465,25.2862186431885,30.9786109924316,34.6950378417969
"2014-03-01",23.7032108306885,34.0843391418457,25.16965675354,31.723747253418,35.0775260925293
"2014-04-01",24.4159297943115,32.4852523803711,25.6189365386963,31.371509552002,33.8979873657227
"2014-05-01",24.0197620391846,30.4824466705322,25.0919036865234,30.5397453308105,31.7180976867676
"2014-06-01",23.9695682525635,29.4296703338623,24.7741394042969,30.211030960083,30.778491973877
"2014-07-01",24.9221477508545,27.6027717590332,25.6174983978271,29.3926906585693,29.4326610565186
"2014-08-01",24.2289009094238,26.8333644866943,25.3198337554932,29.2899703979492,29.0258693695068
"2014-09-01",25.3248195648193,27.7047538757324,26.6329593658447,30.213960647583,30.0814170837402
"2014-10-01",25.3326950073242,28.0672435760498,26.8926067352295,30.3204784393311,30.5434703826904
"2014-11-01",25.0853881835938,28.8079795837402,26.5018062591553,30.8328590393066,31.0868034362793
"2014-12-01",24.1923637390137,30.6333103179932,25.9663429260254,31.3525638580322,32.754337310791
"2015-01-01",22.6308536529541,32.4533081054688,24.4877529144287,30.9158630371094,34.1421928405762
"2015-02-01",23.9013404846191,33.3210334777832,25.5512180328369,30.7822914123535,35.0017585754395
"2015-03-01",23.8597621917725,32.7643356323242,25.2598552703857,30.8642921447754,34.7520942687988
"2015-04-01",24.2517318725586,32.2999649047852,25.3911571502686,30.7309112548828,33.8785133361816
"2015-05-01",24.3101978302002,30.8195896148682,25.3358497619629,30.4809494018555,31.9823017120361
"2015-06-01",24.0101261138916,29.1779632568359,24.6952590942383,29.9940738677979,30.8324069976807
"2015-07-01",24.5297908782959,28.3756141662598,25.2989940643311,29.6897830963135,30.1013412475586
"2015-08-01",25.275842666626,27.2622928619385,26.4287395477295,29.9287128448486,29.5639152526855
"2015-09-01",25.7464427947998,28.6447200775146,27.3104209899902,31.1335067749023,31.1544208526611
"2015-10-01",26.0706310272217,28.8187103271484,27.6767597198486,31.2970561981201,31.4923477172852
"2015-11-01",25.5186309814453,28.9017677307129,27.243803024292,31.2814865112305,31.5195865631104
"2015-12-01",24.5924987792969,31.5405654907227,26.0548515319824,31.8476161956787,33.5321502685547
"2016-01-01",25.0792922973633,32.6591873168945,26.8315048217773,31.8737277984619,34.4973983764648
"2016-02-01",23.9222812652588,33.5855979919434,25.7162895202637,31.139404296875,35.1153907775879
"2016-03-01",25.2296619415283,33.5184326171875,26.7222995758057,31.7405090332031,35.1588897705078
"2016-04-01",25.0800933837891,32.2527008056641,26.226053237915,31.1643199920654,33.6956062316895
"2016-05-01",25.4281482696533,30.9755191802979,26.434886932373,31.2998867034912,32.3361473083496
"2016-06-01",24.1860828399658,28.8402996063232,25.0401916503906,29.9737148284912,30.3342056274414
"2016-07-01",24.6969165802002,27.9036808013916,25.5603694915771,29.7714309692383,29.6292266845703
"2016-08-01",25.3077983856201,27.2944450378418,26.5392379760742,29.979471206665,29.4385356903076
"2016-09-01",25.2655258178711,28.2783374786377,26.8161945343018,30.5064449310303,30.3034133911133
"2016-10-01",25.8429012298584,28.1968612670898,27.3474941253662,30.4655590057373,30.5548191070557
"2016-11-01",26.4544906616211,29.2117195129395,28.1601467132568,31.5811862945557,31.8062515258789
"2016-12-01",24.0887336730957,31.0501728057861,25.9443893432617,31.7895984649658,33.1820793151855
